expt,site,subject,att,AUCMeasure,AUC
1,1,1,1,1,0.177188880294027
1,1,1,1,2,0.0733513879419051
1,1,1,2,1,0.186384345523442
1,1,1,2,2,0.0661735423593481
1,1,1,3,1,0.146614891676772
1,1,1,3,2,0.0523070995649145
1,2,1,1,1,0.177188880294027
1,2,1,1,2,0.0733513879419051
1,2,1,2,1,0.186384345523442
1,2,1,2,2,0.0661735423593481
1,2,1,3,1,0.146614891676772
1,2,1,3,2,0.0523070995649145
1,1,2,1,1,0.19968749205533
1,1,2,1,2,0.162708336558066
1,1,2,2,1,0.272581039600291
1,1,2,2,2,0.233223797709698
1,1,2,3,1,0.106849665072884
1,1,2,3,2,0.103328303906891
1,2,2,1,1,0.19968749205533
1,2,2,1,2,0.162708336558066
1,2,2,2,1,0.272581039600291
1,2,2,2,2,0.233223797709698
1,2,2,3,1,0.106849665072884
1,2,2,3,2,0.103328303906891
1,1,3,1,1,0.274673266776847
1,1,3,1,2,0.126425701640181
1,1,3,2,1,0.261882240392836
1,1,3,2,2,0.0995932115205406
1,1,3,3,1,0.17838374520426
1,1,3,3,2,0.0844169351452834
1,2,3,1,1,0.274673266776847
1,2,3,1,2,0.126425701640181
1,2,3,2,1,0.261882240392836
1,2,3,2,2,0.0995932115205406
1,2,3,3,1,0.17838374520426
1,2,3,3,2,0.0844169351452834
1,1,4,1,1,0.205418535382938
1,1,4,1,2,0.0568118662571433
1,1,4,2,1,0.181055551801558
1,1,4,2,2,0.0244802607826284
1,1,4,3,1,0.149693243338487
1,1,4,3,2,0.026641027790686
1,2,4,1,1,0.205418535382938
1,2,4,1,2,0.0568118662571433
1,2,4,2,1,0.181055551801558
1,2,4,2,2,0.0244802607826284
1,2,4,3,1,0.149693243338487
1,2,4,3,2,0.026641027790686
1,1,5,1,1,0.197642007997726
1,1,5,1,2,0.0655289094848566
1,1,5,2,1,0.191510510050188
1,1,5,2,2,0.0645547533859589
1,1,5,3,1,0.114350422969266
1,1,5,3,2,0.0478216999738038
1,2,5,1,1,0.197642007997726
1,2,5,1,2,0.0655289094848566
1,2,5,2,1,0.191510510050188
1,2,5,2,2,0.0645547533859589
1,2,5,3,1,0.114350422969266
1,2,5,3,2,0.0478216999738038
1,1,6,1,1,0.279018188481141
1,1,6,1,2,0.147126183992077
1,1,6,2,1,0.309180782773959
1,1,6,2,2,0.162461720192444
1,1,6,3,1,0.269162214187303
1,1,6,3,2,0.119503163765361
1,2,6,1,1,0.279018188481141
1,2,6,1,2,0.147126183992077
1,2,6,2,1,0.309180782773959
1,2,6,2,2,0.162461720192444
1,2,6,3,1,0.269162214187303
1,2,6,3,2,0.119503163765361
1,1,7,1,1,0.176210574722992
1,1,7,1,2,0.127556594794391
1,1,7,2,1,0.182724630825689
1,1,7,2,2,0.154583411909895
1,1,7,3,1,0.116402368753876
1,1,7,3,2,0.026367668834101
1,2,7,1,1,0.176210574722992
1,2,7,1,2,0.127556594794391
1,2,7,2,1,0.182724630825689
1,2,7,2,2,0.154583411909895
1,2,7,3,1,0.116402368753876
1,2,7,3,2,0.026367668834101
1,1,8,1,1,0.208867273585657
1,1,8,1,2,0.0655419373085328
1,1,8,2,1,0.13313472356273
1,1,8,2,2,0.062089062591936
1,1,8,3,1,0.0988300916618998
1,1,8,3,2,0.0483171641604582
1,2,8,1,1,0.208867273585657
1,2,8,1,2,0.0655419373085328
1,2,8,2,1,0.13313472356273
1,2,8,2,2,0.062089062591936
1,2,8,3,1,0.0988300916618998
1,2,8,3,2,0.0483171641604582
1,1,9,1,1,0.240793019824449
1,1,9,1,2,0.083916992233514
1,1,9,2,1,0.279812550017967
1,1,9,2,2,0.121741157533768
1,1,9,3,1,0.191972945227173
1,1,9,3,2,0.065103052419322
1,2,9,1,1,0.240793019824449
1,2,9,1,2,0.083916992233514
1,2,9,2,1,0.279812550017967
1,2,9,2,2,0.121741157533768
1,2,9,3,1,0.191972945227173
1,2,9,3,2,0.065103052419322
1,1,10,1,1,0.246581113644678
1,1,10,1,2,0.0562484369705496
1,1,10,2,1,0.278066413857356
1,1,10,2,2,0.0933765072473339
1,1,10,3,1,0.24423617113827
1,1,10,3,2,0.0863206517036962
1,2,10,1,1,0.246581113644678
1,2,10,1,2,0.0562484369705496
1,2,10,2,1,0.278066413857356
1,2,10,2,2,0.0933765072473339
1,2,10,3,1,0.24423617113827
1,2,10,3,2,0.0863206517036962
1,1,11,1,1,0.105863932349528
1,1,11,1,2,0.0415650682083789
1,1,11,2,1,0.0873866548880715
1,1,11,2,2,0.0498765697793237
1,1,11,3,1,0.257672151622976
1,1,11,3,2,0.177151804479587
1,2,11,1,1,0.105863932349528
1,2,11,1,2,0.0415650682083789
1,2,11,2,1,0.0873866548880715
1,2,11,2,2,0.0498765697793237
1,2,11,3,1,0.257672151622976
1,2,11,3,2,0.177151804479587
1,1,12,1,1,0.285170581597956
1,1,12,1,2,0.210599357727355
1,1,12,2,1,0.292310096709941
1,1,12,2,2,0.204623042204674
1,1,12,3,1,0.294847810542545
1,1,12,3,2,0.205853512444215
1,2,12,1,1,0.285170581597956
1,2,12,1,2,0.210599357727355
1,2,12,2,1,0.292310096709941
1,2,12,2,2,0.204623042204674
1,2,12,3,1,0.294847810542545
1,2,12,3,2,0.205853512444215
1,1,13,1,1,0.248976000978145
1,1,13,1,2,0.127736359319288
1,1,13,2,1,0.222082633619868
1,1,13,2,2,0.107604002643632
1,1,13,3,1,0.204237708911502
1,1,13,3,2,0.11624452487746
1,2,13,1,1,0.248976000978145
1,2,13,1,2,0.127736359319288
1,2,13,2,1,0.222082633619868
1,2,13,2,2,0.107604002643632
1,2,13,3,1,0.204237708911502
1,2,13,3,2,0.11624452487746
1,1,14,1,1,0.219403623060806
1,1,14,1,2,0.124610728552195
1,1,14,2,1,0.145087139566256
1,1,14,2,2,0.0928514202117813
1,1,14,3,1,0.151807220363348
1,1,14,3,2,0.0934931854784766
1,2,14,1,1,0.219403623060806
1,2,14,1,2,0.124610728552195
1,2,14,2,1,0.145087139566256
1,2,14,2,2,0.0928514202117813
1,2,14,3,1,0.151807220363348
1,2,14,3,2,0.0934931854784766
1,1,15,1,1,0.281277782051072
1,1,15,1,2,0.160975057106932
1,1,15,2,1,0.11666190349479
1,1,15,2,2,0.0904188212453373
1,1,15,3,1,0.187610783699218
1,1,15,3,2,0.139796656614666
1,2,15,1,1,0.281277782051072
1,2,15,1,2,0.160975057106932
1,2,15,2,1,0.11666190349479
1,2,15,2,2,0.0904188212453373
1,2,15,3,1,0.187610783699218
1,2,15,3,2,0.139796656614666
1,1,16,1,1,0.142047497686485
1,1,16,1,2,0.119055126471016
1,1,16,2,1,0.115713430441246
1,1,16,2,2,0.0945973408365682
1,1,16,3,1,0.124768357285885
1,1,16,3,2,0.101726856941677
1,2,16,1,1,0.142047497686485
1,2,16,1,2,0.119055126471016
1,2,16,2,1,0.115713430441246
1,2,16,2,2,0.0945973408365682
1,2,16,3,1,0.124768357285885
1,2,16,3,2,0.101726856941677
1,1,17,1,1,0.0729918658811655
1,1,17,1,2,0.0290853546958336
1,1,17,2,1,0.0743491926571099
1,1,17,2,2,0.0409573771122997
1,1,17,3,1,0.0725757324847977
1,1,17,3,2,0.031556619649554
1,2,17,1,1,0.0729918658811655
1,2,17,1,2,0.0290853546958336
1,2,17,2,1,0.0743491926571099
1,2,17,2,2,0.0409573771122997
1,2,17,3,1,0.0725757324847977
1,2,17,3,2,0.031556619649554
1,1,18,1,1,0.369754805175425
1,1,18,1,2,0.292846216363375
1,1,18,2,1,0.400343407878202
1,1,18,2,2,0.330164026052614
1,1,18,3,1,0.399483713279406
1,1,18,3,2,0.313609244865631
1,2,18,1,1,0.369754805175425
1,2,18,1,2,0.292846216363375
1,2,18,2,1,0.400343407878202
1,2,18,2,2,0.330164026052614
1,2,18,3,1,0.399483713279406
1,2,18,3,2,0.313609244865631
1,1,19,1,1,0.088542769880386
1,1,19,1,2,0.0137216635206639
1,1,19,2,1,0.0893389128679998
1,1,19,2,2,0.0204569712976714
1,1,19,3,1,3.88729570536437e-05
1,1,19,3,2,0.00531890775091585
1,2,19,1,1,0.088542769880386
1,2,19,1,2,0.0137216635206639
1,2,19,2,1,0.0893389128679998
1,2,19,2,2,0.0204569712976714
1,2,19,3,1,3.88729570536437e-05
1,2,19,3,2,0.00531890775091585
1,1,20,1,1,0.307957603446596
1,1,20,1,2,0.0845705121428917
1,1,20,2,1,0.298607571138123
1,1,20,2,2,0.0780942660224913
1,1,20,3,1,0.279801479064287
1,1,20,3,2,0.0731529238218754
1,2,20,1,1,0.307957603446596
1,2,20,1,2,0.0845705121428917
1,2,20,2,1,0.298607571138123
1,2,20,2,2,0.0780942660224913
1,2,20,3,1,0.279801479064287
1,2,20,3,2,0.0731529238218754
1,1,21,1,1,0.268515768757321
1,1,21,1,2,0.133121496250947
1,1,21,2,1,0.21036263738841
1,1,21,2,2,0.100103476730604
1,1,21,3,1,0.205283035960737
1,1,21,3,2,0.102700779352048
1,2,21,1,1,0.268515768757321
1,2,21,1,2,0.133121496250947
1,2,21,2,1,0.21036263738841
1,2,21,2,2,0.100103476730604
1,2,21,3,1,0.205283035960737
1,2,21,3,2,0.102700779352048
1,1,22,1,1,0.313387500687589
1,1,22,1,2,0.028599654019308
1,1,22,2,1,0.293951754532328
1,1,22,2,2,0.0148394417106344
1,1,22,3,1,0.266601491875646
1,1,22,3,2,0.0159494787183838
1,2,22,1,1,0.313387500687589
1,2,22,1,2,0.028599654019308
1,2,22,2,1,0.293951754532328
1,2,22,2,2,0.0148394417106344
1,2,22,3,1,0.266601491875646
1,2,22,3,2,0.0159494787183838
1,1,23,1,1,0.358714702240677
1,1,23,1,2,0.0930080696333805
1,1,23,2,1,0.301375088376579
1,1,23,2,2,0.0910409277449003
1,1,23,3,1,0.271861920261198
1,1,23,3,2,0.0619628787817859
1,2,23,1,1,0.358714702240677
1,2,23,1,2,0.0930080696333805
1,2,23,2,1,0.301375088376579
1,2,23,2,2,0.0910409277449003
1,2,23,3,1,0.271861920261198
1,2,23,3,2,0.0619628787817859
1,1,24,1,1,0.297693979365379
1,1,24,1,2,0.142611423007736
1,1,24,2,1,0.184975259005071
1,1,24,2,2,0.115406612673366
1,1,24,3,1,0.180636983112088
1,1,24,3,2,0.104967908674315
1,2,24,1,1,0.297693979365379
1,2,24,1,2,0.142611423007736
1,2,24,2,1,0.184975259005071
1,2,24,2,2,0.115406612673366
1,2,24,3,1,0.180636983112088
1,2,24,3,2,0.104967908674315
1,1,25,1,1,0.30674817962048
1,1,25,1,2,0.164860791867567
1,1,25,2,1,0.285564307503615
1,1,25,2,2,0.146165241529143
1,1,25,3,1,0.213958507687529
1,1,25,3,2,0.109736985448037
1,2,25,1,1,0.30674817962048
1,2,25,1,2,0.164860791867567
1,2,25,2,1,0.285564307503615
1,2,25,2,2,0.146165241529143
1,2,25,3,1,0.213958507687529
1,2,25,3,2,0.109736985448037
1,1,26,1,1,0.34851051495354
1,1,26,1,2,0.34532317712589
1,1,26,2,1,0.274705800671663
1,1,26,2,2,0.266591164474331
1,1,26,3,1,0.319448849928697
1,1,26,3,2,0.295181308955168
1,2,26,1,1,0.34851051495354
1,2,26,1,2,0.34532317712589
1,2,26,2,1,0.274705800671663
1,2,26,2,2,0.266591164474331
1,2,26,3,1,0.319448849928697
1,2,26,3,2,0.295181308955168
1,1,27,1,1,0.323815298548644
1,1,27,1,2,0.091830692965083
1,1,27,2,1,0.199627354579387
1,1,27,2,2,0.0811132466345607
1,1,27,3,1,0.196415697718505
1,1,27,3,2,0.0426756375614442
1,2,27,1,1,0.323815298548644
1,2,27,1,2,0.091830692965083
1,2,27,2,1,0.199627354579387
1,2,27,2,2,0.0811132466345607
1,2,27,3,1,0.196415697718505
1,2,27,3,2,0.0426756375614442
1,1,28,1,1,0.26626255050603
1,1,28,1,2,0.206359179259016
1,1,28,2,1,0.214748791591548
1,1,28,2,2,0.161001443510724
1,1,28,3,1,0.19900372071056
1,1,28,3,2,0.114613885858892
1,2,28,1,1,0.26626255050603
1,2,28,1,2,0.206359179259016
1,2,28,2,1,0.214748791591548
1,2,28,2,2,0.161001443510724
1,2,28,3,1,0.19900372071056
1,2,28,3,2,0.114613885858892
1,1,29,1,1,0.182322597455668
1,1,29,1,2,0.0483944894150988
1,1,29,2,1,0.131087982498128
1,1,29,2,2,0.0423714840180645
1,1,29,3,1,0.138324615882163
1,1,29,3,2,0.0592546733252731
1,2,29,1,1,0.182322597455668
1,2,29,1,2,0.0483944894150988
1,2,29,2,1,0.131087982498128
1,2,29,2,2,0.0423714840180645
1,2,29,3,1,0.138324615882163
1,2,29,3,2,0.0592546733252731
1,1,30,1,1,0.353374091028643
1,1,30,1,2,0.242505529721364
1,1,30,2,1,0.275918523418808
1,1,30,2,2,0.182076264927555
1,1,30,3,1,0.242151811460864
1,1,30,3,2,0.191738800375086
1,2,30,1,1,0.353374091028643
1,2,30,1,2,0.242505529721364
1,2,30,2,1,0.275918523418808
1,2,30,2,2,0.182076264927555
1,2,30,3,1,0.242151811460864
1,2,30,3,2,0.191738800375086
3,1,31,1,1,0.212810616839423
3,1,31,1,2,0.162850809534028
3,1,31,2,1,0.186946258154478
3,1,31,2,2,0.156724980521249
3,1,31,3,1,0.202494488286393
3,1,31,3,2,0.176287287637621
3,2,31,1,1,0.212810616839423
3,2,31,1,2,0.162850809534028
3,2,31,2,1,0.186946258154478
3,2,31,2,2,0.156724980521249
3,2,31,3,1,0.202494488286393
3,2,31,3,2,0.176287287637621
3,1,32,1,1,0.167961996899798
3,1,32,1,2,0.080509155373243
3,1,32,2,1,0.162708018068599
3,1,32,2,2,0.096386714219873
3,1,32,3,1,0.135056035021735
3,1,32,3,2,0.0835102453492976
3,2,32,1,1,0.167961996899798
3,2,32,1,2,0.080509155373243
3,2,32,2,1,0.162708018068599
3,2,32,2,2,0.096386714219873
3,2,32,3,1,0.135056035021735
3,2,32,3,2,0.0835102453492976
3,1,33,1,1,0.242142835380264
3,1,33,1,2,0.139923990864565
3,1,33,2,1,0.212166112729201
3,1,33,2,2,0.0139951799058587
3,1,33,3,1,0.124523353224601
3,1,33,3,2,0.00316172218007928
3,2,33,1,1,0.242142835380264
3,2,33,1,2,0.139923990864565
3,2,33,2,1,0.212166112729201
3,2,33,2,2,0.0139951799058587
3,2,33,3,1,0.124523353224601
3,2,33,3,2,0.00316172218007928
3,1,34,1,1,0.312897436296158
3,1,34,1,2,0.198360874662676
3,1,34,2,1,0.241185678348052
3,1,34,2,2,0.126395299552162
3,1,34,3,1,0.170173176736526
3,1,34,3,2,0.0807795339934225
3,2,34,1,1,0.312897436296158
3,2,34,1,2,0.198360874662676
3,2,34,2,1,0.241185678348052
3,2,34,2,2,0.126395299552162
3,2,34,3,1,0.170173176736526
3,2,34,3,2,0.0807795339934225
3,1,35,1,1,0.0253808093865388
3,1,35,1,2,0.00877209353427261
3,1,35,2,1,0.0282161989365741
3,1,35,2,2,0.00243526794670653
3,1,35,3,1,0.0210562181481718
3,1,35,3,2,0.00133590297255596
3,2,35,1,1,0.0253808093865388
3,2,35,1,2,0.00877209353427261
3,2,35,2,1,0.0282161989365741
3,2,35,2,2,0.00243526794670653
3,2,35,3,1,0.0210562181481718
3,2,35,3,2,0.00133590297255596
3,1,36,1,1,0.453396109140335
3,1,36,1,2,0.404996291790246
3,1,36,2,1,0.361065818535633
3,1,36,2,2,0.199098177315122
3,1,36,3,1,0.232774475258022
3,1,36,3,2,0.0624126470823814
3,2,36,1,1,0.453396109140335
3,2,36,1,2,0.404996291790246
3,2,36,2,1,0.361065818535633
3,2,36,2,2,0.199098177315122
3,2,36,3,1,0.232774475258022
3,2,36,3,2,0.0624126470823814
3,1,37,1,1,0.0811500321998971
3,1,37,1,2,0.0141545002745092
3,1,37,2,1,0.0629766610881343
3,1,37,2,2,0.0111976143979937
3,1,37,3,1,0.0563447345762486
3,1,37,3,2,0.0110133110894733
3,2,37,1,1,0.0811500321998971
3,2,37,1,2,0.0141545002745092
3,2,37,2,1,0.0629766610881343
3,2,37,2,2,0.0111976143979937
3,2,37,3,1,0.0563447345762486
3,2,37,3,2,0.0110133110894733
3,1,38,1,1,0.12461856489003
3,1,38,1,2,0.0209525475797369
3,1,38,2,1,0.0805572942002416
3,1,38,2,2,0.0113878898347648
3,1,38,3,1,0.0666935648721991
3,1,38,3,2,0.00960061909853468
3,2,38,1,1,0.12461856489003
3,2,38,1,2,0.0209525475797369
3,2,38,2,1,0.0805572942002416
3,2,38,2,2,0.0113878898347648
3,2,38,3,1,0.0666935648721991
3,2,38,3,2,0.00960061909853468
3,1,39,1,1,0.304054299674413
3,1,39,1,2,0.138606349042118
3,1,39,2,1,0.265890131353152
3,1,39,2,2,0.102208413190905
3,1,39,3,1,0.276290000226531
3,1,39,3,2,0.0997297186791557
3,2,39,1,1,0.304054299674413
3,2,39,1,2,0.138606349042118
3,2,39,2,1,0.265890131353152
3,2,39,2,2,0.102208413190905
3,2,39,3,1,0.276290000226531
3,2,39,3,2,0.0997297186791557
3,1,40,1,1,0.110427895144255
3,1,40,1,2,0.0388770931841904
3,1,40,2,1,0.0705111093573483
3,1,40,2,2,0.02567488041139
3,1,40,3,1,0.018091177499879
3,1,40,3,2,0.00244416636288714
3,2,40,1,1,0.110427895144255
3,2,40,1,2,0.0388770931841904
3,2,40,2,1,0.0705111093573483
3,2,40,2,2,0.02567488041139
3,2,40,3,1,0.018091177499879
3,2,40,3,2,0.00244416636288714
3,1,41,1,1,0.268082591578429
3,1,41,1,2,0.182948274376948
3,1,41,2,1,0.279972090265224
3,1,41,2,2,0.131543243673314
3,1,41,3,1,0.164438847513068
3,1,41,3,2,0.02489986636058
3,2,41,1,1,0.268082591578429
3,2,41,1,2,0.182948274376948
3,2,41,2,1,0.279972090265224
3,2,41,2,2,0.131543243673314
3,2,41,3,1,0.164438847513068
3,2,41,3,2,0.02489986636058
3,1,42,1,1,0.215412639028722
3,1,42,1,2,0.112994326622703
3,1,42,2,1,0.145710868993027
3,1,42,2,2,0.0993987590474117
3,1,42,3,1,0.110164957035126
3,1,42,3,2,0.076567629202173
3,2,42,1,1,0.215412639028722
3,2,42,1,2,0.112994326622703
3,2,42,2,1,0.145710868993027
3,2,42,2,2,0.0993987590474117
3,2,42,3,1,0.110164957035126
3,2,42,3,2,0.076567629202173
3,1,43,1,1,0.394205007690573
3,1,43,1,2,0.281249115199094
3,1,43,2,1,0.401490404216983
3,1,43,2,2,0.283080553658725
3,1,43,3,1,0.280107249281576
3,1,43,3,2,0.211635868650821
3,2,43,1,1,0.394205007690573
3,2,43,1,2,0.281249115199094
3,2,43,2,1,0.401490404216983
3,2,43,2,2,0.283080553658725
3,2,43,3,1,0.280107249281576
3,2,43,3,2,0.211635868650821
3,1,44,1,1,0.154351485012156
3,1,44,1,2,0.0733682802058328
3,1,44,2,1,0.141745573999472
3,1,44,2,2,0.0465723793576894
3,1,44,3,1,0.127994456318065
3,1,44,3,2,0.032385930437481
3,2,44,1,1,0.154351485012156
3,2,44,1,2,0.0733682802058328
3,2,44,2,1,0.141745573999472
3,2,44,2,2,0.0465723793576894
3,2,44,3,1,0.127994456318065
3,2,44,3,2,0.032385930437481
3,1,45,1,1,0.251014165418084
3,1,45,1,2,0.0778481605395457
3,1,45,2,1,0.183394878493051
3,1,45,2,2,0.0659888722256576
3,1,45,3,1,0.181087446358778
3,1,45,3,2,0.0772117209844726
3,2,45,1,1,0.251014165418084
3,2,45,1,2,0.0778481605395457
3,2,45,2,1,0.183394878493051
3,2,45,2,2,0.0659888722256576
3,2,45,3,1,0.181087446358778
3,2,45,3,2,0.0772117209844726
3,1,46,1,1,0.0908317316722579
3,1,46,1,2,0.0566375044331941
3,1,46,2,1,0.0991135388437414
3,1,46,2,2,0.054571228402741
3,1,46,3,1,0.051306405757836
3,1,46,3,2,0.0190257537954068
3,2,46,1,1,0.0908317316722579
3,2,46,1,2,0.0566375044331941
3,2,46,2,1,0.0991135388437414
3,2,46,2,2,0.054571228402741
3,2,46,3,1,0.051306405757836
3,2,46,3,2,0.0190257537954068
3,1,47,1,1,0.0613574258262669
3,1,47,1,2,0.0311158186091379
3,1,47,2,1,0.055078057433847
3,1,47,2,2,0.0262916239825645
3,1,47,3,1,0.0436054563987794
3,1,47,3,2,0.0124733244820039
3,2,47,1,1,0.0613574258262669
3,2,47,1,2,0.0311158186091379
3,2,47,2,1,0.055078057433847
3,2,47,2,2,0.0262916239825645
3,2,47,3,1,0.0436054563987794
3,2,47,3,2,0.0124733244820039
3,1,48,1,1,0.241949650072431
3,1,48,1,2,0.184543283256553
3,1,48,2,1,0.177714789384592
3,1,48,2,2,0.0919570536971872
3,1,48,3,1,0.142791532272013
3,1,48,3,2,0.0787064105154425
3,2,48,1,1,0.241949650072431
3,2,48,1,2,0.184543283256553
3,2,48,2,1,0.177714789384592
3,2,48,2,2,0.0919570536971872
3,2,48,3,1,0.142791532272013
3,2,48,3,2,0.0787064105154425
3,1,49,1,1,0.154110630125531
3,1,49,1,2,0.0276342452688361
3,1,49,2,1,0.135702996741103
3,1,49,2,2,0.00670553550465975
3,1,49,3,1,0.0934633053077342
3,1,49,3,2,0.0114356225793007
3,2,49,1,1,0.154110630125531
3,2,49,1,2,0.0276342452688361
3,2,49,2,1,0.135702996741103
3,2,49,2,2,0.00670553550465975
3,2,49,3,1,0.0934633053077342
3,2,49,3,2,0.0114356225793007
3,1,50,1,1,0.124967171983333
3,1,50,1,2,0.0308602885291981
3,1,50,2,1,0.0966270188246697
3,1,50,2,2,0.0360087170746054
3,1,50,3,1,0.0686371906357899
3,1,50,3,2,0.0120625431028215
3,2,50,1,1,0.124967171983333
3,2,50,1,2,0.0308602885291981
3,2,50,2,1,0.0966270188246697
3,2,50,2,2,0.0360087170746054
3,2,50,3,1,0.0686371906357899
3,2,50,3,2,0.0120625431028215
3,1,51,1,1,0.106533526664334
3,1,51,1,2,0.0241229943442715
3,1,51,2,1,0.11290315800442
3,1,51,2,2,0.0127589817586863
3,1,51,3,1,0.0791165637803495
3,1,51,3,2,0.0178510890113002
3,2,51,1,1,0.106533526664334
3,2,51,1,2,0.0241229943442715
3,2,51,2,1,0.11290315800442
3,2,51,2,2,0.0127589817586863
3,2,51,3,1,0.0791165637803495
3,2,51,3,2,0.0178510890113002
3,1,52,1,1,0.331654801760446
3,1,52,1,2,0.221575384595089
3,1,52,2,1,0.313201172703927
3,1,52,2,2,0.228244004804513
3,1,52,3,1,0.221578459620259
3,1,52,3,2,0.13215920555062
3,2,52,1,1,0.331654801760446
3,2,52,1,2,0.221575384595089
3,2,52,2,1,0.313201172703927
3,2,52,2,2,0.228244004804513
3,2,52,3,1,0.221578459620259
3,2,52,3,2,0.13215920555062
3,1,53,1,1,0.0383722636368094
3,1,53,1,2,0.010301652537547
3,1,53,2,1,0.0333674234191258
3,1,53,2,2,0.0067017261799238
3,1,53,3,1,0.0629315941717512
3,1,53,3,2,0.00545970358331046
3,2,53,1,1,0.0383722636368094
3,2,53,1,2,0.010301652537547
3,2,53,2,1,0.0333674234191258
3,2,53,2,2,0.0067017261799238
3,2,53,3,1,0.0629315941717512
3,2,53,3,2,0.00545970358331046
3,1,54,1,1,0.150201465358075
3,1,54,1,2,0.0995505622193975
3,1,54,2,1,0.109991934998397
3,1,54,2,2,0.0515561453608117
3,1,54,3,1,0.0753277353263161
3,1,54,3,2,0.0241497337844062
3,2,54,1,1,0.150201465358075
3,2,54,1,2,0.0995505622193975
3,2,54,2,1,0.109991934998397
3,2,54,2,2,0.0515561453608117
3,2,54,3,1,0.0753277353263161
3,2,54,3,2,0.0241497337844062
3,1,55,1,1,0.225286976484351
3,1,55,1,2,0.16796717371611
3,1,55,2,1,0.223989326321632
3,1,55,2,2,0.164008711792734
3,1,55,3,1,0.206892860614449
3,1,55,3,2,0.169354398210696
3,2,55,1,1,0.225286976484351
3,2,55,1,2,0.16796717371611
3,2,55,2,1,0.223989326321632
3,2,55,2,2,0.164008711792734
3,2,55,3,1,0.206892860614449
3,2,55,3,2,0.169354398210696
3,1,56,1,1,0.0498934974041062
3,1,56,1,2,0.0298441242905503
3,1,56,2,1,0.0171419396339999
3,1,56,2,2,0.0123282374466346
3,1,56,3,1,0.0183143822425266
3,1,56,3,2,0.0120555051475685
3,2,56,1,1,0.0498934974041062
3,2,56,1,2,0.0298441242905503
3,2,56,2,1,0.0171419396339999
3,2,56,2,2,0.0123282374466346
3,2,56,3,1,0.0183143822425266
3,2,56,3,2,0.0120555051475685
3,1,57,1,1,0.0433237683180223
3,1,57,1,2,0.0264633649110174
3,1,57,2,1,0.00987623472081264
3,1,57,2,2,0.00834226133679111
3,1,57,3,1,0.00762258774144785
3,1,57,3,2,0.00633572748314034
3,2,57,1,1,0.0433237683180223
3,2,57,1,2,0.0264633649110174
3,2,57,2,1,0.00987623472081264
3,2,57,2,2,0.00834226133679111
3,2,57,3,1,0.00762258774144785
3,2,57,3,2,0.00633572748314034
3,1,58,1,1,0.0771391895745029
3,1,58,1,2,0.0521044229226336
3,1,58,2,1,0.0488448465804887
3,1,58,2,2,0.0315263189844897
3,1,58,3,1,0.0411057985004227
3,1,58,3,2,0.0262027651871206
3,2,58,1,1,0.0771391895745029
3,2,58,1,2,0.0521044229226336
3,2,58,2,1,0.0488448465804887
3,2,58,2,2,0.0315263189844897
3,2,58,3,1,0.0411057985004227
3,2,58,3,2,0.0262027651871206
3,1,59,1,1,0.149959063996717
3,1,59,1,2,0.0392382920920118
3,1,59,2,1,0.130079709166252
3,1,59,2,2,0.0219916279570332
3,1,59,3,1,0.109700519089662
3,1,59,3,2,0.0172942147265574
3,2,59,1,1,0.149959063996717
3,2,59,1,2,0.0392382920920118
3,2,59,2,1,0.130079709166252
3,2,59,2,2,0.0219916279570332
3,2,59,3,1,0.109700519089662
3,2,59,3,2,0.0172942147265574
3,1,60,1,1,0.00538236869458969
3,1,60,1,2,0.00292919014057862
3,1,60,2,1,0.00288013973202471
3,1,60,2,2,0.000123844610445505
3,1,60,3,1,0.01119166741335
3,1,60,3,2,0.000649974570471658
3,2,60,1,1,0.00538236869458969
3,2,60,1,2,0.00292919014057862
3,2,60,2,1,0.00288013973202471
3,2,60,2,2,0.000123844610445505
3,2,60,3,1,0.01119166741335
3,2,60,3,2,0.000649974570471658
4,1,61,1,1,0.179505220550166
4,1,61,1,2,0.241809926546781
4,1,61,2,1,0.0835008739743945
4,1,61,2,2,0.251631933223575
4,1,61,3,1,0.016515780482721
4,1,61,3,2,0.267014242064601
4,2,61,1,1,0.179505220550166
4,2,61,1,2,0.241809926546781
4,2,61,2,1,0.0835008739743945
4,2,61,2,2,0.251631933223575
4,2,61,3,1,0.016515780482721
4,2,61,3,2,0.267014242064601
4,1,62,1,1,0.102541562044788
4,1,62,1,2,0.0128433115686654
4,1,62,2,1,0.0179719892046199
4,1,62,2,2,0.0255150587494952
4,1,62,3,1,0.000293596905965839
4,1,62,3,2,0.0750538062182957
4,2,62,1,1,0.102541562044788
4,2,62,1,2,0.0128433115686654
4,2,62,2,1,0.0179719892046199
4,2,62,2,2,0.0255150587494952
4,2,62,3,1,0.000293596905965839
4,2,62,3,2,0.0750538062182957
4,1,63,1,1,0.0210750551714176
4,1,63,1,2,0.0898369148577807
4,1,63,2,1,0.0092887842996156
4,1,63,2,2,0.133830140150835
4,1,63,3,1,0.000587211842436351
4,1,63,3,2,0.154043822565492
4,2,63,1,1,0.0210750551714176
4,2,63,1,2,0.0898369148577807
4,2,63,2,1,0.0092887842996156
4,2,63,2,2,0.133830140150835
4,2,63,3,1,0.000587211842436351
4,2,63,3,2,0.154043822565492
4,1,64,1,1,0.153538487761831
4,1,64,1,2,0.100390321586156
4,1,64,2,1,0.0398590685544273
4,1,64,2,2,0.146801333072975
4,1,64,3,1,0.00106909593512368
4,1,64,3,2,0.322111629819272
4,2,64,1,1,0.153538487761831
4,2,64,1,2,0.100390321586156
4,2,64,2,1,0.0398590685544273
4,2,64,2,2,0.146801333072975
4,2,64,3,1,0.00106909593512368
4,2,64,3,2,0.322111629819272
4,1,65,1,1,0.108071346370249
4,1,65,1,2,0.0575459927174868
4,1,65,2,1,0.00405491091790401
4,1,65,2,2,0.102343722011542
4,1,65,3,1,0.000329816383117829
4,1,65,3,2,0.245860899437963
4,2,65,1,1,0.108071346370249
4,2,65,1,2,0.0575459927174868
4,2,65,2,1,0.00405491091790401
4,2,65,2,2,0.102343722011542
4,2,65,3,1,0.000329816383117829
4,2,65,3,2,0.245860899437963
4,1,66,1,1,0.00675558382076744
4,1,66,1,2,0.216666703953226
4,1,66,2,1,0.00515366401438156
4,1,66,2,2,0.233829418219912
4,1,66,3,1,0.00116621027154028
4,1,66,3,2,0.231506093975021
4,2,66,1,1,0.00675558382076744
4,2,66,1,2,0.216666703953226
4,2,66,2,1,0.00515366401438156
4,2,66,2,2,0.233829418219912
4,2,66,3,1,0.00116621027154028
4,2,66,3,2,0.231506093975021
4,1,67,1,1,0.111083345754861
4,1,67,1,2,0.268646682965843
4,1,67,2,1,0.0137767847760243
4,1,67,2,2,0.251101231059681
4,1,67,3,1,0.00128536904736122
4,1,67,3,2,0.30075118320284
4,2,67,1,1,0.111083345754861
4,2,67,1,2,0.268646682965843
4,2,67,2,1,0.0137767847760243
4,2,67,2,2,0.251101231059681
4,2,67,3,1,0.00128536904736122
4,2,67,3,2,0.30075118320284
4,1,68,1,1,0.180661907609792
4,1,68,1,2,0.201431985323319
4,1,68,2,1,0.131068106466276
4,1,68,2,2,0.222482048792792
4,1,68,3,1,0.000532266919132862
4,1,68,3,2,0.178007087206479
4,2,68,1,1,0.180661907609792
4,2,68,1,2,0.201431985323319
4,2,68,2,1,0.131068106466276
4,2,68,2,2,0.222482048792792
4,2,68,3,1,0.000532266919132862
4,2,68,3,2,0.178007087206479
4,1,69,1,1,0.00935516408957017
4,1,69,1,2,0.0891990744867017
4,1,69,2,1,0.00628118212439924
4,1,69,2,2,0.146766852315118
4,1,69,3,1,0.000119852802256618
4,1,69,3,2,0.118509220574465
4,2,69,1,1,0.00935516408957017
4,2,69,1,2,0.0891990744867017
4,2,69,2,1,0.00628118212439924
4,2,69,2,2,0.146766852315118
4,2,69,3,1,0.000119852802256618
4,2,69,3,2,0.118509220574465
4,1,70,1,1,0.0683500420899988
4,1,70,1,2,0.0858372757545185
4,1,70,2,1,0.00817234908658949
4,1,70,2,2,0.10767248164089
4,1,70,3,1,0.0025013874969496
4,1,70,3,2,0.13150832162988
4,2,70,1,1,0.0683500420899988
4,2,70,1,2,0.0858372757545185
4,2,70,2,1,0.00817234908658949
4,2,70,2,2,0.10767248164089
4,2,70,3,1,0.0025013874969496
4,2,70,3,2,0.13150832162988
4,1,71,1,1,0.105374306094706
4,1,71,1,2,0.118205597656181
4,1,71,2,1,0.081868658978614
4,1,71,2,2,0.182599527404912
4,1,71,3,1,0.0272766835333524
4,1,71,3,2,0.231118682440314
4,2,71,1,1,0.105374306094706
4,2,71,1,2,0.118205597656181
4,2,71,2,1,0.081868658978614
4,2,71,2,2,0.182599527404912
4,2,71,3,1,0.0272766835333524
4,2,71,3,2,0.231118682440314
4,1,72,1,1,0.0215274830594408
4,1,72,1,2,0.0948120427791454
4,1,72,2,1,0.014051786932407
4,1,72,2,2,0.114542618873564
4,1,72,3,1,0.000893849051478219
4,1,72,3,2,0.0832314127765635
4,2,72,1,1,0.0215274830594408
4,2,72,1,2,0.0948120427791454
4,2,72,2,1,0.014051786932407
4,2,72,2,2,0.114542618873564
4,2,72,3,1,0.000893849051478219
4,2,72,3,2,0.0832314127765635
4,1,73,1,1,0.032770267670508
4,1,73,1,2,0.204855370140017
4,1,73,2,1,0.0258510481919251
4,1,73,2,2,0.179341740849259
4,1,73,3,1,0.0259895462998052
4,1,73,3,2,0.140245919775631
4,2,73,1,1,0.032770267670508
4,2,73,1,2,0.204855370140017
4,2,73,2,1,0.0258510481919251
4,2,73,2,2,0.179341740849259
4,2,73,3,1,0.0259895462998052
4,2,73,3,2,0.140245919775631
4,1,74,1,1,0.132118672891572
4,1,74,1,2,0.274530967189461
4,1,74,2,1,0.0220631972706296
4,1,74,2,2,0.277020896099375
4,1,74,3,1,0.00475403758299044
4,1,74,3,2,0.256911620374645
4,2,74,1,1,0.132118672891572
4,2,74,1,2,0.274530967189461
4,2,74,2,1,0.0220631972706296
4,2,74,2,2,0.277020896099375
4,2,74,3,1,0.00475403758299044
4,2,74,3,2,0.256911620374645
4,1,75,1,1,0.0382693962449941
4,1,75,1,2,0.184404037653532
4,1,75,2,1,0.00875042495205115
4,1,75,2,2,0.232220735363461
4,1,75,3,1,0.000557179053786818
4,1,75,3,2,0.262352273690816
4,2,75,1,1,0.0382693962449941
4,2,75,1,2,0.184404037653532
4,2,75,2,1,0.00875042495205115
4,2,75,2,2,0.232220735363461
4,2,75,3,1,0.000557179053786818
4,2,75,3,2,0.262352273690816
4,1,76,1,1,0.141362958320941
4,1,76,1,2,0.323732563575069
4,1,76,2,1,0.053932457197395
4,1,76,2,2,0.290619794658036
4,1,76,3,1,0.00570315161233919
4,1,76,3,2,0.282136448180563
4,2,76,1,1,0.141362958320941
4,2,76,1,2,0.323732563575069
4,2,76,2,1,0.053932457197395
4,2,76,2,2,0.290619794658036
4,2,76,3,1,0.00570315161233919
4,2,76,3,2,0.282136448180563
4,1,77,1,1,0.148726380716211
4,1,77,1,2,0.120436401548512
4,1,77,2,1,0.0248187758026657
4,1,77,2,2,0.128294859687714
4,1,77,3,1,0.00102093958101193
4,1,77,3,2,0.132358413362867
4,2,77,1,1,0.148726380716211
4,2,77,1,2,0.120436401548512
4,2,77,2,1,0.0248187758026657
4,2,77,2,2,0.128294859687714
4,2,77,3,1,0.00102093958101193
4,2,77,3,2,0.132358413362867
4,1,78,1,1,0.0740952653985541
4,1,78,1,2,0.0481185834023653
4,1,78,2,1,0.00170222907394873
4,1,78,2,2,0.0357132831540253
4,1,78,3,1,0.000186475964578103
4,1,78,3,2,0.0452299092890812
4,2,78,1,1,0.0740952653985541
4,2,78,1,2,0.0481185834023653
4,2,78,2,1,0.00170222907394873
4,2,78,2,2,0.0357132831540253
4,2,78,3,1,0.000186475964578103
4,2,78,3,2,0.0452299092890812
4,1,79,1,1,0.0436817204487683
4,1,79,1,2,0.0648054158453963
4,1,79,2,1,0.0137410076530453
4,1,79,2,2,0.0601588806260643
4,1,79,3,1,0.00165013887665463
4,1,79,3,2,0.0748734493414699
4,2,79,1,1,0.0436817204487683
4,2,79,1,2,0.0648054158453963
4,2,79,2,1,0.0137410076530453
4,2,79,2,2,0.0601588806260643
4,2,79,3,1,0.00165013887665463
4,2,79,3,2,0.0748734493414699
4,1,80,1,1,0.023056249272927
4,1,80,1,2,0.0196539572259029
4,1,80,2,1,0.0057097220305141
4,1,80,2,2,0.00804528933810025
4,1,80,3,1,0.000703656194429029
4,1,80,3,2,0.00465445054392916
4,2,80,1,1,0.023056249272927
4,2,80,1,2,0.0196539572259029
4,2,80,2,1,0.0057097220305141
4,2,80,2,2,0.00804528933810025
4,2,80,3,1,0.000703656194429029
4,2,80,3,2,0.00465445054392916
4,1,81,1,1,0.158220887146877
4,1,81,1,2,0.330176128201972
4,1,81,2,1,0.0308663767189658
4,1,81,2,2,0.331677576821869
4,1,81,3,1,0.00496613819890958
4,1,81,3,2,0.236640268780583
4,2,81,1,1,0.158220887146877
4,2,81,1,2,0.330176128201972
4,2,81,2,1,0.0308663767189658
4,2,81,2,2,0.331677576821869
4,2,81,3,1,0.00496613819890958
4,2,81,3,2,0.236640268780583
4,1,82,1,1,0.0848814943239803
4,1,82,1,2,0.11253472826284
4,1,82,2,1,0.00618792832903887
4,1,82,2,2,0.0979666812664023
4,1,82,3,1,0.00293484631140757
4,1,82,3,2,0.122160913699872
4,2,82,1,1,0.0848814943239803
4,2,82,1,2,0.11253472826284
4,2,82,2,1,0.00618792832903887
4,2,82,2,2,0.0979666812664023
4,2,82,3,1,0.00293484631140757
4,2,82,3,2,0.122160913699872
4,1,83,1,1,0.0216620395442469
4,1,83,1,2,0.144400272578976
4,1,83,2,1,0.00413419958746173
4,1,83,2,2,0.12621369511316
4,1,83,3,1,0.00254483545443991
4,1,83,3,2,0.185141924168294
4,2,83,1,1,0.0216620395442469
4,2,83,1,2,0.144400272578976
4,2,83,2,1,0.00413419958746173
4,2,83,2,2,0.12621369511316
4,2,83,3,1,0.00254483545443991
4,2,83,3,2,0.185141924168294
4,1,84,1,1,0.0607854921033274
4,1,84,1,2,0.0584132492390852
4,1,84,2,1,0.00860800604020081
4,1,84,2,2,0.0469510285689872
4,1,84,3,1,0.00363927966325527
4,1,84,3,2,0.0334159596542852
4,2,84,1,1,0.0607854921033274
4,2,84,1,2,0.0584132492390852
4,2,84,2,1,0.00860800604020081
4,2,84,2,2,0.0469510285689872
4,2,84,3,1,0.00363927966325527
4,2,84,3,2,0.0334159596542852
4,1,85,1,1,0.0372631024084309
4,1,85,1,2,0.0391220246903668
4,1,85,2,1,0.000129832922004415
4,1,85,2,2,0.0603476050828316
4,1,85,3,1,6.99646788360372e-06
4,1,85,3,2,0.0712293514011335
4,2,85,1,1,0.0372631024084309
4,2,85,1,2,0.0391220246903668
4,2,85,2,1,0.000129832922004415
4,2,85,2,2,0.0603476050828316
4,2,85,3,1,6.99646788360372e-06
4,2,85,3,2,0.0712293514011335
4,1,86,1,1,0.0604002384582163
4,1,86,1,2,0.0496220609271207
4,1,86,2,1,0.0740000000840303
4,1,86,2,2,0.066826829779409
4,1,86,3,1,0.0779999916979688
4,1,86,3,2,0.128810863696819
4,2,86,1,1,0.0604002384582163
4,2,86,1,2,0.0496220609271207
4,2,86,2,1,0.0740000000840303
4,2,86,2,2,0.066826829779409
4,2,86,3,1,0.0779999916979688
4,2,86,3,2,0.128810863696819
4,1,87,1,1,0.260835967249749
4,1,87,1,2,0.189173318350056
4,1,87,2,1,0.159148551061143
4,1,87,2,2,0.165389861187933
4,1,87,3,1,0.0082129041999525
4,1,87,3,2,0.020416653462416
4,2,87,1,1,0.260835967249749
4,2,87,1,2,0.189173318350056
4,2,87,2,1,0.159148551061143
4,2,87,2,2,0.165389861187933
4,2,87,3,1,0.0082129041999525
4,2,87,3,2,0.020416653462416
4,1,88,1,1,0.0102555614846354
4,1,88,1,2,0.104540858955656
4,1,88,2,1,0.0078337895530075
4,1,88,2,2,0.147441974385231
4,1,88,3,1,0.000891645824083249
4,1,88,3,2,0.212996791614472
4,2,88,1,1,0.0102555614846354
4,2,88,1,2,0.104540858955656
4,2,88,2,1,0.0078337895530075
4,2,88,2,2,0.147441974385231
4,2,88,3,1,0.000891645824083249
4,2,88,3,2,0.212996791614472
4,1,89,1,1,0.106682272865704
4,1,89,1,2,0.188918817702121
4,1,89,2,1,0.0114824197995422
4,1,89,2,2,0.11506051745378
4,1,89,3,1,0.000737752306293672
4,1,89,3,2,0.142855854173172
4,2,89,1,1,0.106682272865704
4,2,89,1,2,0.188918817702121
4,2,89,2,1,0.0114824197995422
4,2,89,2,2,0.11506051745378
4,2,89,3,1,0.000737752306293672
4,2,89,3,2,0.142855854173172
4,1,90,1,1,0.138796876453401
4,1,90,1,2,0.284232160068308
4,1,90,2,1,0.0729456735683348
4,1,90,2,2,0.29671545463511
4,1,90,3,1,0.00271281837447191
4,1,90,3,2,0.395112687751607
4,2,90,1,1,0.138796876453401
4,2,90,1,2,0.284232160068308
4,2,90,2,1,0.0729456735683348
4,2,90,2,2,0.29671545463511
4,2,90,3,1,0.00271281837447191
4,2,90,3,2,0.395112687751607
