expt,subjectID,site,stimulus,task,attention,AUC,alphaC,betaC,gammaC,lambdaC,alphaA,betaA,gammaA,lambdaA,alphaR,betaR,gammaR,lambdaR
1,S0002,0,1,0,-1,0.141155369850226,0.173007775381406,2.02560806486711,7.16123698111645e-13,0.145086738456212,0.175575890009399,3.01612412532743,0.5,0.188127520574509,0.985373193165329,0.671593071338604,1.43224739622329e-12,0.77121485475991
1,S0004,0,1,0,-1,0.0690056986800195,0.150968610425224,3.36317922113881,0.103997101563019,0.29594710726008,0.123874425496858,4.49048155512274,0.5,0.262541222420619,1.21872299160777,0.748957362335025,0.207994203126039,1.12724053210182
1,S0005,0,1,0,-1,0.362433648953749,0.0703051724384049,2.31428971301616,0.223916393704939,0.0274102805994226,0.117556166239738,4.09372771121068,0.5,0.0727028471236404,0.598056016007091,0.5653257559555,0.447832787409878,0.377017980503679
1,S0006,0,1,0,-1,0.0845253353220367,0.273083870936652,3.13353774575028,2.70581058776567e-12,0.523404708819202,0.396145990115031,4.26625381360967,0.5,0.271294139730732,0.689351597014412,0.734493980586447,5.41162117553134e-12,1.92928866557419
1,S0007,0,1,0,-1,0.300278350677296,0.121238245944573,2.47896969927749,2.04509702762241e-14,0.0717871049105153,0.183607018371808,3.50957304826465,0.5,0.0812424257511385,0.660313788763036,0.706345092461673,4.09019405524482e-14,0.883615970926488
1,S0008,0,1,0,-1,0.267582999660102,0.159545496983083,2.22859874089943,3.64438169229313e-15,0.137055523574012,0.26000646781294,2.40726424704938,0.5,0.0388429848034052,0.613621262290548,0.925780683874259,7.28876338458627e-15,3.52844984152703
1,S0010,0,1,0,-1,0.288998411745523,0.102808636055983,1.31018362227219,8.47086097254348e-13,0.0657618772913231,0.179393289920012,2.66165119938334,0.5,0.0639512981698578,0.573090755522815,0.49224467224546,1.6941721945087e-12,1.02831184312563
1,S0011,0,1,0,-1,0.353060723176473,0.0701431804420149,1.40530183752765,3.55933691781298e-11,1.012542004144e-06,0.139229280851225,6.39625061609169,0.5,0.0961901863013738,0.503796184345498,0.219707125607648,7.11867383562596e-11,1.05264584993276e-05
1,S0012,0,1,0,-1,0.252293293851189,0.180751054417948,2.10481949161774,2.58340723366605e-13,0.190809456309226,0.622327033995378,1.80283787061311,0.5,0.093079441401082,0.290443841492013,1.16750348210842,5.1668144673321e-13,2.0499634875012
1,S0013,0,1,0,-1,0.301019362978484,0.145264344017514,2.45935456167946,1.09217217679304e-06,0.0504395062798688,0.256449191265809,2.16184117599835,0.5,0.0837267335257419,0.566444929307452,1.13762037146125,2.18434435358607e-06,0.602430121848251
1,S0014,0,1,0,-1,0.348503895289585,0.126079054557868,5.04637099838354,0.0384570192310494,0.0328866104825925,0.172738333748617,3.58999388847682,0.5,0.0226672428874277,0.729884628511864,1.40567676579657,0.0769140384620988,1.45084299162087
1,S0015,0,1,0,-1,0.315184738798726,0.107139836971456,2.62782819142887,1.25287807227743e-13,0.0493607088458925,0.16936748793595,2.73030017342825,0.5,0.0605262855359662,0.632587979411806,0.962468602171782,2.50575614455485e-13,0.815525162477733
1,S0016,0,1,0,-1,0.265009546530524,0.192293510778367,3.21994951453387,2.08483888284798e-13,0.050511535179514,0.222706591140663,5.72720768383622,0.5,0.088336499319533,0.863438795383082,0.562219792311961,4.16967776569596e-13,0.571808205765574
1,S0017,0,1,0,-1,0.174791228182975,0.12258759862599,15.5539142382882,0.291657280936949,0.163179925017259,0.169634559047431,2.08329007225429,0.5,0.210865733451735,0.722656982836346,7.46603386894538,0.583314561873898,0.773857005337516
1,S0018,0,1,0,-1,0.346803802562869,0.114159003629448,3.19001877200748,7.44233372515255e-13,0.0713052503325946,0.207155078066973,2.94076517061559,0.5,0.0424827343173917,0.551079918941404,1.08475807721149,1.48846674503051e-12,1.67845246965197
1,001,1,1,0,-1,0.174718605382504,0.131289861657723,15.4773250463092,0.166647318734219,0.196652710264555,0.165005071361882,2.93080216649422,0.5,0.186659106729167,0.795671675871006,5.28091770343642,0.333294637468439,1.05353933012167
1,002,1,1,0,-1,0.0885690626655904,0.101999800399215,1.64857183037282,2.71705240059179e-11,0.428586690406425,0.681324644475449,24.4714517332086,0.5,1.16674089241686e-08,0.149708074155668,0.0673671447180899,5.43410480118359e-11,36733664.9629744
1,005,1,1,0,-1,0.272298266875402,0.123725743252669,16.5411580869074,0.395806125538642,0.208333331622394,0.190206279553101,4.16716599670704,0.5,0.126179978903872,0.650481905977916,3.96940225082909,0.791612251077283,1.65108072954354
1,006,1,1,0,-1,0.201037574706937,0.154360471824342,3.27045368619515,0.053847817176091,0.0634392218637807,0.165242473023301,179.072014333324,0.5,0.197916743964037,0.934145253336747,0.018263343372614,0.107695634352182,0.32053489054624
1,017,1,1,0,-1,0.190329981445611,0.122771204017697,1.6248708541141,0.00276670373440221,0.128472210002239,0.225412815436679,2.32365332941359,0.5,0.211805550341222,0.544650506138524,0.699274213388864,0.00553340746880442,0.606557334287363
1,019,1,1,0,-1,0.274518472675884,0.1022502007458,2.24146158330402,1.72429689813745e-12,0.188542723819701,0.178727207597446,3.49239810785479,0.5,0.0875716912467367,0.572102043781166,0.641811590225848,3.4485937962749e-12,2.15300996401308
1,020,1,1,0,-1,0.168689695672825,0.245990747174527,16.4608382242638,0.824999981078108,0.0600000002027112,0.269712040134802,4.66084938984475,0.5,0.301451699463473,0.912049558675917,3.5317249813155,1.64999996215622,0.199036861658102
1,021,1,1,0,-1,0.206189977842996,0.107645320338104,4.38110632356261,1.10327354373744e-12,0.0653872192016491,0.117411611063518,12.5164176128688,0.5,0.177229988486799,0.91682006032495,0.350028774931429,2.20654708747489e-12,0.368939928055796
1,022,1,1,0,-1,0.238082096905617,0.12961680054244,5.01642164211293,2.09638385734629e-13,0.0959945459711321,0.171200283923385,2.74570959106456,0.5,0.106177441565348,0.757106224195547,1.82700372189324,4.19276771469257e-13,0.904095489172731
1,023,1,1,0,-1,0.246581177218097,0.165270622180646,3.81293162951845,8.62924266620836e-15,0.0729115214327744,0.273302705043453,1.71995143645614,0.5,0.0208744347532718,0.604716379058046,2.21688330769081,1.72584853324167e-14,3.49286207241354
1,024,1,1,0,-1,0.0659093636687727,0.303842332556141,1.60086203272525,1.53792064449164e-13,0.375709863769985,0.830393120185515,0.412119037858504,0.5,0.195740570618939,0.365901794186663,3.88446513183136,3.07584128898327e-13,1.91942765151842
1,025,1,1,0,-1,0.249843116087754,0.086285961131191,2.64871885782857,1.81688589571384e-12,0.00059109718727495,0.11746492079733,3.93257502857498,0.5,2.83431183478009e-11,0.73456790798051,0.673532949424328,3.63377179142769e-12,20855051.3045722
1,026,1,1,0,-1,0.22146960645197,0.0509134310903458,2.3199831389616,8.69599725680666e-14,0.242120980865434,0.128389711759116,5.74779610012334,0.5,0.192242354308309,0.396553823454866,0.403630034633937,1.73919945136133e-13,1.25945701058744
1,027,1,1,0,-1,0.214295648220724,0.171830555765604,9.59208087165546,9.70417600075199e-16,0.270253062415712,0.23665131339133,4.19060255249361,0.5,0.122583984217585,0.726091705569628,2.28895027660108,1.9408352001504e-15,2.20463598194049
1,039,1,1,0,-1,0.277458170033069,0.169416782285937,5.46996619211972,0.00921219559342922,0.0676493802777286,0.202396159811414,6.09937943793549,0.5,0.0959303867576545,0.837055319842994,0.896807002708981,0.0184243911868584,0.705192406329277
1,S0002,0,1,0,0,0.114997042136813,0.159786566155521,3.94147873108612,9.55448275958509e-15,0.0174308749105455,0.155161633637678,4.9598082366678,0.5,0.0885421211946204,1.0298071914391,0.794683694007929,1.91089655191702e-14,0.196865341324176
1,S0004,0,1,0,0,0.0705424514015167,0.122517998424079,8.08173134420842,0.0175302433323303,0.066247075779682,0.123240999276292,9.89369769044937,0.5,0.0624625480011523,0.994133438900541,0.816856507755429,0.0350604866646607,1.0605887511739
1,S0005,0,1,0,0,0.391582147712593,0.067386047734806,3.31190880603118,0.000140313484180367,2.7100498432749e-15,0.107423741584552,7.72234918118821,0.5,0.0498958073091304,0.627291944414049,0.428873226051349,0.000280626968360734,5.43141796761545e-14
1,S0006,0,1,0,0,0.0830674994241356,0.226383809885327,16.0176581051474,0.0208332555838776,0.205020913820423,0.250368479331709,7.68115932458478,0.5,0.130685747898689,0.904202519780433,2.08531777929411,0.0416665111677551,1.56880851291726
1,S0007,0,1,0,0,0.290618433383139,0.116527192506184,2.76566507631362,6.81872229667039e-13,0.00100833503595941,0.154052069569699,4.42534312386644,0.5,0.0143248177738954,0.756414326867988,0.624960596026561,1.36374445933408e-12,0.0703907757763548
1,S0008,0,1,0,0,0.209429513013161,0.139759354874212,3.78622196923083,4.12396307646771e-13,0.0704007788882056,0.150033722063,2.85843045896384,0.5,0.0786427031869121,0.931519614073998,1.32458075282451,8.24792615293542e-13,0.895197850980303
1,S0010,0,1,0,0,0.269101481322566,0.100876105026343,3.12749093844959,8.02851066978044e-11,0.0283378915082988,0.128030162499859,4.1123929742865,0.5,0.0240360704090791,0.787908904094798,0.760503910498051,1.60570213395609e-10,1.1789735604034
1,S0011,0,1,0,0,0.29813959124724,0.0706683843527684,1.62599474119166,0.0017916482681409,6.20859214394845e-14,0.123018996786435,2.39864244081972,0.5,0.0519483635895009,0.574450988861914,0.677881252128593,0.00358329653628179,1.19514681790732e-12
1,S0012,0,1,0,0,0.134790194713946,0.174589082383452,3.40143280462221,4.44436956538963e-12,0.103836904880214,0.261357988502503,1.07589320868641,0.5,0.0344518830637525,0.668007445970148,3.16149667751425,8.88873913077926e-12,3.01396892262944
1,S0013,0,1,0,0,0.279619339823314,0.144511693738238,4.45442641229146,7.48443424217369e-14,0.0140487573389081,0.180475633199666,4.42551640710655,0.5,0.0354159320903095,0.800726896901149,1.00653257213971,1.49688684843474e-13,0.396679022963006
1,S0014,0,1,0,0,0.274705548901465,0.120337825515056,4.62182916355522,4.62855737509269e-11,0.0155157448355604,0.147012408846433,2.63740882417442,0.5,2.87645252117278e-14,0.818555565882604,1.75241286871859,9.25711475018538e-11,539405560194.485
1,S0015,0,1,0,0,0.190720950015979,0.121167649750951,6.26333843189857,0.0286584698786826,0.0103994868808257,0.141037371896242,1.72800281963459,0.5,4.43023422655795e-13,0.859117325584397,3.62461123369177,0.0573169397573652,23473898554.8074
1,S0016,0,1,0,0,0.213821117418717,0.152599731616967,5.85146232484848,0.0346346486333669,0.0220615431547106,0.158948767456927,6.4547315602092,0.5,0.0349150173757688,0.960056086363297,0.90653844707042,0.0692692972667339,0.631864017631033
1,S0017,0,1,0,0,0.119948166085405,0.116972354853732,5.07548763824955,0.179914502432696,4.56189929615218e-06,0.162667117647897,1.67247716014358,0.5,6.7973250853494e-13,0.719090351787787,3.03471267602472,0.359829004865391,6711315.46435032
1,S0018,0,1,0,0,0.269054685507907,0.115923624304991,4.42929085145284,5.46979601055924e-14,0.0194709707442926,0.147415060710391,2.39799771362652,0.5,0.0527749070413872,0.78637571864338,1.84707884677437,1.09395920211185e-13,0.368943724126753
1,001,1,1,0,0,0.182366472967841,0.125434778244626,2.30382101047376,0.00142963674273316,1.91463457446199e-14,0.184441916764129,2.67086192998357,0.5,2.26549951582956e-14,0.680077394798691,0.862575854113107,0.00285927348546631,0.845126896335227
1,002,1,1,0,0,0.0950477640777805,0.142708605642332,4.4978737903862,0.170624670432544,0.0726929457524962,0.191352147785739,4.5160864796835,0.5,0.144025501230227,0.745790456463158,0.9959671522281,0.341249340865087,0.504722740983873
1,005,1,1,0,0,0.258391517061641,0.112707006545366,1.79164480257952,1.88722686163494e-05,5.47654056007761e-14,0.15719986439643,4.40843140340491,0.5,0.0212546545736354,0.716966308960289,0.406413220175257,3.77445372326989e-05,2.57663117558767e-12
1,006,1,1,0,0,0.17811759492982,0.130821840775546,2.6702912985527,0.000698402254991817,1.35496880380192e-13,0.134463110659467,14.0796690162378,0.5,0.140516713252553,0.97291993420305,0.189655828945489,0.00139680450998363,9.64275901733207e-13
1,017,1,1,0,0,0.183334213576178,0.0832652281100056,0.345875736447683,0.000288979596711495,2.75170985440192e-12,0.564849762041466,0.774392488362786,0.5,0.0226805115597367,0.147411282973849,0.446641388760021,0.000577959193422989,1.2132485844309e-10
1,019,1,1,0,0,0.297183211010341,0.111113884775002,2.3340169700828,7.78372748328502e-05,2.72252159212944e-13,0.164400059554485,3.88434310529029,0.5,7.76499105436416e-14,0.675874966688663,0.600878168281267,0.0001556745496657,3.50614903876715
1,020,1,1,0,0,0.173434961016811,0.175104733593246,2.71881826987326,0.49896398514249,0.0132982386211651,0.242221765476898,23.0395820180352,0.5,0.150000008608643,0.722910813768085,0.11800640600793,0.99792797028498,0.0886549190531101
1,021,1,1,0,0,0.13127502823416,0.107314512565678,5.25907747342335,3.49744691887169e-14,0.026241179551667,0.132834459899262,2.69311277906857,0.5,4.69458800212711e-13,0.807881574156749,1.95278768653804,6.99489383774339e-14,55896661303.9892
1,022,1,1,0,0,0.276890953617152,0.125969506965253,5.36628439383176,1.18121386544027e-15,0.0261932936785683,0.184111803988666,3.22069528019611,0.5,0.0234149103890603,0.684201144284088,1.66618817583544,2.36242773088054e-15,1.11865871973638
1,023,1,1,0,0,0.278315242407849,0.17949636723773,3.28621334495634,0.00264069540217673,2.64182965670511e-14,0.227538540564438,3.14898487201985,0.5,0.0890912123649804,0.788861380548837,1.04357863835925,0.00528139080435346,2.96530890822578e-13
1,024,1,1,0,0,0.0615675522521845,0.718891631135584,10.5969167973728,0.041666501677345,0.149999954351014,0.674576705155422,22.2403248111981,0.5,0.131944441258676,1.06569293846272,0.476473113020241,0.0833330033546901,1.13684178674068
1,025,1,1,0,0,0.255748697857668,0.0802388903426444,2.89796454116081,1.9635069564287e-12,1.07278221999817e-11,0.104193228455884,4.52622673933396,0.5,0.044013848303461,0.770096977814813,0.640260576426016,3.9270139128574e-12,2.43737428411551e-10
1,026,1,1,0,0,0.19594408276234,8.76787706987896e-25,0.00182255211232219,5.47966073242249e-05,0.00523210802205006,0.140429271884123,4.27491451331318,0.5,1.17430252389577e-12,6.24362495955536e-24,0.000426336504892973,0.00010959321464845,4455502662.71456
1,027,1,1,0,0,0.138668511701703,0.19270924239993,5.48849807620905,6.93029407294015e-15,0.0773723585282156,0.226307068693024,2.27865455657149,0.5,2.37798273491294e-14,0.851538767714461,2.40865736334653,1.38605881458803e-14,3253697236411.95
1,039,1,1,0,0,0.112678564935156,0.169310431962297,22.1906611640822,3.00917715961543e-16,0.00416573112197667,0.167859818023416,2.26514697703299,0.5,0.0357385572711867,1.00864181765453,9.79656569268135,6.01835431923087e-16,0.116561255966961
1,S0002,0,1,0,1,0.124005197132218,0.156488754179575,4.00182049572369,0.000689664338470903,3.3450644859828e-14,0.170955989118942,3.93297057802458,0.5,0.00711416093063749,0.915374506538635,1.01750583085564,0.00137932867694181,4.70198034398844e-12
1,S0004,0,1,0,1,0.0678685080289863,0.119371615068283,8.52434010371955,2.7887395231778e-15,0.00672888670127284,0.128615890217677,6.15242091030538,0.5,0.0338134865610777,0.928124937488298,1.38552615758801,5.57747904635561e-15,0.199000085043533
1,S0005,0,1,0,1,0.392449878184889,0.0873580062743126,5.86192797912522,0.797888368418959,7.19920900337893e-13,0.107039099489813,4.66183938867643,0.5,0.00750888918670628,0.816131737754635,1.25742812876904,1.59577673683792,9.58758189709923e-11
1,S0006,0,1,0,1,2.26859530158524e-05,0.224093370813441,32.0190866363933,4.72105649450792e-17,0.0769230808603371,0.212358619475315,2.90545644690924,0.5,0.0429376032686458,1.05525912424521,11.0203292396465,9.44211298901585e-17,1.79150849149767
1,S0007,0,1,0,1,0.271838052973636,0.106232504335373,3.70768254043368,1.55124445857384e-13,0.00213193370424271,0.133939738352421,3.86336335468788,0.5,0.0262671551306787,0.793136567549915,0.959703294781918,3.10248891714768e-13,0.081163479396089
1,S0008,0,1,0,1,0.204324322254537,0.131571202276315,4.42178408375668,2.06076601807318e-16,0.0390817956694165,0.14906772163508,2.60695039913729,0.5,0.0263426299156123,0.882627042482096,1.69615198095828,4.12153203614635e-16,1.48359506224753
1,S0010,0,1,0,1,0.242304370277245,0.103763392289171,3.55391614401941,5.62396707397459e-13,0.0245322295761775,0.118316282350143,4.73000973896784,0.5,0.0346894414353768,0.877000107069753,0.751354931627461,1.12479341479492e-12,0.707195865977802
1,S0011,0,1,0,1,0.268953851265979,0.093211643180464,4.95507673666029,6.43382652899507e-14,0.010080615542588,0.107336861700192,6.69565010507772,0.5,0.0540485711432075,0.86840291120881,0.74004415686276,1.28676530579901e-13,0.186510305996403
1,S0012,0,1,0,1,0.129805459171557,0.185005800536292,3.49720060513399,5.30012961119518e-14,0.0387955295986448,0.21488267754565,2.15490387081612,0.5,6.35870857346528e-13,0.86096191023583,1.62290330092985,1.06002592223904e-13,61011649064.3046
1,S0013,0,1,0,1,0.208158077038993,0.156117732804013,4.28963939230953,2.5108178623864e-14,0.0159887113087882,0.174144554076263,3.28479601577266,0.5,0.0255285327434079,0.896483577290874,1.3059073902038,5.02163572477279e-14,0.626307491679749
1,S0014,0,1,0,1,0.319426556911839,0.11638461844977,6.93746013181609,0.0102889550721868,0.00509834158371231,0.131144665379114,6.30832584868766,0.5,0.0291905439828794,0.887452174385621,1.09973078408106,0.0205779101443736,0.174657299524893
1,S0015,0,1,0,1,0.187916806869318,0.108778472762126,4.48933639092669,8.48804160995982e-12,0.00354498858234159,0.110664550122763,3.56285690589887,0.5,0.0133829652507833,0.98295680632556,1.26003836513723,1.69760832199196e-11,0.264888125756294
1,S0016,0,1,0,1,0.198038966731568,0.143990288582014,8.50059226115032,0.00620473126685271,0.0172155373512596,0.152251586003357,5.64554480225415,0.5,0.0184126941629219,0.945739170026376,1.50571690756155,0.0124094625337054,0.934981985739325
1,S0017,0,1,0,1,0.130789951059975,0.118447800789734,6.04371997606604,8.71708557206108e-11,1.25300694226914e-15,0.131985542750708,6.01901240034624,0.5,0.0323719583488013,0.897430114853237,1.00410492188359,1.74341711441222e-10,3.87065536402909e-14
1,S0018,0,1,0,1,0.235247240435233,0.113264683468698,3.97049092364999,7.94537055281676e-13,0.00622328165811219,0.126713316463999,3.142603035863,0.5,0.0152843259923444,0.89386566960291,1.26344017311103,1.58907411056335e-12,0.407167555915078
1,001,1,1,0,1,0.144055546878776,0.143329256656278,3.99603431111069,8.05212864932166e-14,0.0138936334279286,0.161233754783863,3.89384497144953,0.5,0.0594922496329499,0.888953165225319,1.02624381309745,1.61042572986433e-13,0.23353686427473
1,002,1,1,0,1,0.0104574409579648,0.136130754038331,6.68759143067775,7.55138953481851e-15,0.0309164129587583,0.141525600285184,3.558575263715,0.5,0.011761466337904,0.961880774672694,1.87928902301653,1.5102779069637e-14,2.62861892136044
1,005,1,1,0,1,0.175670026166038,0.137145973195022,3.60442339583109,0.000618548485361154,3.93017418634539e-13,0.14808354773646,3.87504477985013,0.5,0.0247844926989018,0.926139164622776,0.930163030521289,0.00123709697072231,1.58573920963068e-11
1,006,1,1,0,1,0.14794904462612,0.118673840339669,5.68295775108982,5.63990531458267e-14,0.0166954902040198,0.130841658208125,5.84570362743779,0.5,0.0683586112454862,0.907003487764573,0.972159745563546,1.12798106291653e-13,0.244233899721336
1,017,1,1,0,1,0.107681168736805,0.049779760364845,1.00976201841298,0.000144392285907065,0.0717592799058142,0.129477799134847,0.644759821213928,0.5,0.0279410878415763,0.384465604894942,1.56610568026997,0.00028878457181413,2.56823500619172
1,019,1,1,0,1,0.25727379933561,0.127683067081722,7.14999971602843,0.0811452361354091,0.00864602257331264,0.143486218418782,5.72226538764772,0.5,0.0496094801447001,0.88986293240417,1.24950508787353,0.162290472270818,0.174281660442602
1,020,1,1,0,1,0.104190579597417,0.098760146634973,3.4826473228796,0.00386091141855737,1.4917607696338e-14,0.129267344967556,5.15030454515813,0.5,0.00972222157863312,0.763999188346913,0.676202211411689,0.00772182283711473,1.5343826074817e-12
1,021,1,1,0,1,0.0975425377789316,0.111952683236935,4.63673066166524,1.83053648850604e-13,0.0098144924764981,0.111135688239689,4.23369617416826,0.5,0.0167827643660672,1.00735132890422,1.09519683768431,3.66107297701208e-13,0.584795940789223
1,022,1,1,0,1,0.189154273885578,0.140642145880982,5.81806459383677,4.41883728260675e-06,0.0211748815972313,0.15433013443167,4.41212317345424,0.5,0.0125446044862495,0.911307091119344,1.31865416379158,8.8376745652135e-06,1.68796725480199
1,023,1,1,0,1,0.244233395275422,0.15591914433433,4.31840717301345,1.11713384848814e-09,0.0118509473149635,0.191862688941519,3.03890323094235,0.5,0.0353903000330239,0.812660060142569,1.42104135763294,2.23426769697627e-09,0.334864279305487
1,024,1,1,0,1,0.197933569242721,0.508535891236631,2.75993042025746,6.67746147798547e-11,0.0270397349603166,0.692985813202447,24.6277394937664,0.5,0.0578703712475219,0.733833047586601,0.112065925537179,1.33549229559709e-10,0.467246613032131
1,025,1,1,0,1,0.258851721429541,0.0805385991416655,5.13549594848546,1.62326679989679e-13,0.0246917251917111,0.0937159959211968,7.56769121169956,0.5,0.0929857655476194,0.859390100377188,0.678608019913133,3.24653359979357e-13,0.265543065073397
1,026,1,1,0,1,0.183723642464864,0.0891999466012677,19.697659967963,0.381344183255218,0.331249997041551,0.133230622395017,4.92326972074644,0.5,1.80395320922813e-13,0.669515348632072,4.00093049644588,0.762688366510437,1836244949963.45
1,027,1,1,0,1,0.146018439941241,0.186937016557224,4.76198076758003,1.42822701550672e-10,0.0242516813233306,0.190362458078551,4.21846475522574,0.5,0.0352210048926827,0.982005687697551,1.12884213662826,2.85645403101344e-10,0.688557336658186
1,039,1,1,0,1,0.18361633433566,0.165488607881434,14.4143101523296,4.93789267413954e-05,0.00138758395171126,0.180314042275961,4.20090040338585,0.5,0.0247015996829109,0.917779923252805,3.43124301178669,9.87578534827907e-05,0.056173849852778
2,S0010,0,1,1,-1,0.0732040833127702,0.397469648741482,1.01402169922994,4.83643227791144e-12,0.322916666666667,0.328603508974265,2.02978735827251,0.5,0.260416666666667,1.2095721375045,0.499570408248545,9.67286455582287e-12,1.24
2,S0021,0,1,1,-1,0.101624621844385,0.506878576791052,2.88124980198309,0.336809896553923,0.364583333333333,0.341150218811956,0.702067809873654,0.5,0.25,1.48579291127598,4.1039480253362,0.673619793107846,1.45833333333333
2,S0022,0,1,1,-1,0.0569739124791007,5.21850960713903,25.0905369870982,0.406956517707862,0.489583333333333,0.445319176439191,1.04104932250747,0.5,0.354166666666667,11.7185827227712,24.1011990927244,0.813913035415724,1.38235294117647
2,S0023,0,1,1,-1,0.0390660395837731,0.245701300125404,0.313706874897134,8.60903684843041e-10,0.458333333333333,1.66189569415206,1.02884262130264,0.5,0.375,0.14784399585966,0.304912401957008,1.72180736968608e-09,1.22222222222222
2,S0025,0,1,1,-1,0.0662176002227744,0.669196860341136,1.81150556314935,0.113427092696502,0.239583333333333,0.447203999930413,2.86570056849027,0.5,0.28125,1.49640177736618,0.632133581249803,0.226854185393004,0.851851851851852
2,S0026,0,1,1,-1,0.101132966951714,0.05,3.16227766016838,0.5,0.6875,0.295140664042959,0.650089232622156,0.5,0.208333333333333,0.16941074576129,4.86437476808104,1,3.3
2,S0035,0,1,1,-1,0.0408716418720214,0.05,3.16227766016838,0.5,0.270833333333333,1.34530853493063,0.620628205692635,0.5,0.395833333333333,0.0371661954873259,5.09528511782542,1,0.684210526315789
2,S0049,0,1,1,-1,0.0801784685274239,0.684782306932865,0.839331702968622,1.17429700726371e-11,0.125,2.95366759657175,0.60128130725507,0.5,0.229166666666667,0.231841358089067,1.39590519918253,2.34859401452742e-11,0.545454545454546
2,S0051,0,1,1,-1,0.0287867265311842,0.287049305243935,0.923914797889475,1.69526686070357e-11,0.0729166666666666,0.246986867292816,7.32941215919603,0.5,0.4375,1.16220472930499,0.126055784259623,3.39053372140715e-11,0.166666666666667
2,S0054,0,1,1,-1,0.0674777864626447,0.959529837227882,1.93579476618619,0.0241777443128341,0.325,0.641170640887334,0.65731070412986,0.5,0.1375,1.4965280317576,2.9450224285466,0.0483554886256681,2.36363636363636
2,S0055,0,1,1,-1,0.0268331365005295,0.779779600676157,0.824118996443022,0.241286854859795,0.260416666666667,0.420918359518599,81.3168395008725,0.5,0.4375,1.85256732818208,0.01013466585152,0.482573709719589,0.595238095238095
2,S0056,0,1,1,-1,0.0822162671598185,8.50512421286363e-07,0.0602263659675153,0.183341798347932,0.21875,0.271276861178416,1.11459182470906,0.5,0.375,3.13521919116791e-06,0.0540344587429895,0.366683596695864,0.583333333333333
2,S0064,0,1,1,-1,0.175596074404042,0.384079965134368,1.08076632889633,3.89195324352696e-12,0.104166666666667,0.425511635579966,1.01617028505243,0.5,0.114583333333333,0.902630934194954,1.06356812907649,7.78390648705392e-12,0.909090909090909
2,S0065,0,1,1,-1,0.100234283217906,0.371227139251106,0.96854660309437,1.57860927888566e-12,0.104166666666667,0.561931862311071,0.526710614943089,0.5,0.229166666666667,0.660626606443619,1.83885909191145,3.15721855777131e-12,0.454545454545454
2,027,1,1,1,-1,0.0902938136249319,0.219394698219434,0.59088345861716,2.50118154223751e-11,0.322916666666667,0.392426139426686,1.11667752732087,0.5,0.28125,0.559072590169345,0.529144219490835,5.00236308447503e-11,1.14814814814815
2,029,1,1,1,-1,0,1.33081450330921,0.764475875144837,0.463823947851084,0.234375,13.369921875,16.07421875,0.5,0.53125,0.0995379416388105,0.0475591309932146,0.927647895702168,0.441176470588235
2,030,1,1,1,-1,0.103421922697171,0.50345882478067,1.32628882073407,6.17097102776408e-13,0.166666666666667,0.89846455148703,0.643270416274254,0.5,0.208333333333333,0.560354689506009,2.06179048061277,1.23419420555282e-12,0.8
2,031,1,1,1,-1,0.119669364788426,0.134607057228603,0.326414676031675,1.46828365171402e-10,0.1125,0.22675920817791,5.63559404339795,0.5,0.3,0.593612309331199,0.0579201896939448,2.93656730342805e-10,0.375
2,032,1,1,1,-1,0.0917349229655111,0.968361174757615,1.78376469285878,1.55325173622314e-13,0.125,0.481745205896871,0.934863499194025,0.5,0.075,2.01011066203514,1.90804828126953,3.10650347244628e-13,1.66666666666667
2,033,1,1,1,-1,0.168731848493134,0.232292172427556,1.83084112233628,0.125478073879366,0.025,0.193524322375787,0.436533393114351,0.5,0.075,1.20032546594577,4.1940459795631,0.250956147758732,0.333333333333334
2,034,1,1,1,-1,0.145696856281406,0.735133245130578,1.84799937759267,3.20410876368392e-10,0.145833333333333,0.692407592924145,0.799278067384434,0.5,0.0625,1.06170592674467,2.31208568457294,6.40821752736784e-10,2.33333333333333
2,035,1,1,1,-1,0.0512702053390087,1.11229218252543,1.77035998581286,9.2208216619307e-13,0.260416666666667,0.419634424290252,0.806587499369248,0.5,0.145833333333333,2.65062187023074,2.19487654742639,1.84416433238614e-12,1.78571428571428
2,037,1,1,1,-1,0.0401856587063138,1.1327604129879,1.7400085463299,0.0695160024872199,0.09375,0.452041767722962,1.40099194020227,0.5,0.291666666666667,2.50587554927474,1.24198326656946,0.13903200497444,0.321428571428571
2,038,1,1,1,-1,0.038004132764178,1.23844471085127,1.52371258601813,0.0343632865938659,0.175,0.203005439051491,0.984595310736015,0.5,0.0625,6.10054940713752,1.54755214594624,0.0687265731877319,2.8
2,040,1,1,1,-1,0.136659815281718,0.688391059036285,1.856874755,9.7230418971121e-12,0.075,0.572316471781243,1.34703937652657,0.5,0.125,1.20281538795097,1.37848587603139,1.94460837942242e-11,0.6
2,041,1,1,1,-1,0.203971793912406,0.515236576553189,1.06823339283816,9.39285809800992e-13,0,0.491650252229008,0.815737375228579,0.5,0.015625,1.04797378668524,1.30953101485491,1.87857161960198e-12,0
2,042,1,1,1,-1,0.0810535810580115,1.1338985882528,1.79136402434359,0.0255732772878843,0.328125,0.869967418243634,0.894799042592146,0.5,0.1328125,1.30338052262005,2.00197355950916,0.0511465545757687,2.47058823529412
2,043,1,1,1,-1,0.0614717966291388,1.08142247604356,3.33891749788496,0.209892645702024,0.458333333333333,0.668007022385622,1.8970152840573,0.5,0.260416666666667,1.6188789036701,1.76008992966243,0.419785291404048,1.76
2,044,1,1,1,-1,0.0387631578947368,0.05,3.16227766016838,0.5,0.442105263157895,0.407628301525206,1.95915686583284,0.5,0.421052631578947,0.122660766715454,1.6141013082299,1,1.05
2,S0010,0,1,1,0,0.0362945279283796,0.489950240880017,1.05573231987681,5.10855397180443e-11,0.1875,0.274826835156184,1.31684853805026,0.5,0.0833333333333334,1.78275982620685,0.801711274585866,1.02171079436089e-10,2.25
2,S0021,0,1,1,0,0.0352195330095032,0.387883315528901,1.4488275565066,5.47996775889213e-12,0.197916666666667,0.223508924904595,1.86853655603602,0.5,0.104166666666667,1.73542651907287,0.775380900002404,1.09599355177843e-11,1.9
2,S0022,0,1,1,0,0.0429241437140345,0.201426990316593,0.316510603185206,2.92432441030366e-11,0.34375,0.667597055859528,0.676954664958778,0.5,0.125,0.301719410756323,0.467550664126791,5.84864882060731e-11,2.75
2,S0023,0,1,1,0,0.0405950809920718,1.02229877233451,2.36279069131986,0.221692746310192,0.364583333333333,0.876991073368713,30.0212394667977,0.5,0.322916666666667,1.16568891449218,0.0787039686996606,0.443385492620384,1.12903225806452
2,S0025,0,1,1,0,0.0287933216722664,0.77235355173492,3.14927605200321,0.124595708397614,0.21875,0.649487387893984,0.835732365496017,0.5,0.0625,1.18917405654225,3.76828298391205,0.249191416795228,3.5
2,S0026,0,1,1,0,0.0879644767702293,0.05,3.16227766016838,0.5,0.697916666666667,0.302343280212637,1.72242145893935,0.5,0.0625,0.165374933965243,1.8359488287586,1,11.1666666666667
2,S0035,0,1,1,0,0.04375,0.05,3.16227766016838,0.5,0.25,0.220024108886731,221.916229248047,0.5,0.4375,0.227247824127037,0.0142498710927255,1,0.571428571428571
2,S0049,0,1,1,0,0.0134087664047622,0.79483282101333,1.49514433769711,9.29063148462775e-12,0.0208333333333334,0.451263430980102,1.11608998468055,0.5,0.135416666666667,1.76134994871405,1.33962705357046,1.85812629692555e-11,0.153846153846154
2,S0051,0,1,1,0,0.0161536773457515,0.327479799253435,1.12023488612432,1.57149472734274e-12,0.0208333333333334,0.438121607810753,1.34651424322059,0.5,0.322916666666667,0.747463246311491,0.831951753770494,3.14298945468548e-12,0.0645161290322582
2,S0054,0,1,1,0,0.0194810884000195,1.04818817510208,1.9498941717098,7.3038607402936e-14,0.0875,0.412202627805821,1.35446934535937,0.5,0.0375,2.54289542180176,1.43960007540256,1.46077214805872e-13,2.33333333333334
2,S0055,0,1,1,0,0.0212996910788267,0.531141392689858,1.24747876509226,0.227575718822018,0.260416666666667,0.933359753463746,1.46311095186977,0.5,0.208333333333333,0.569063954942095,0.852620755451288,0.455151437644036,1.25
2,S0056,0,1,1,0,0.0837038271886732,0.0664619935721209,6.59461204035684e-11,0.568884888033278,0.21875,0.606788305893346,1.65540411705565,0.5,0.177083333333333,0.109530775274702,3.98368710843018e-11,1.13776977606656,1.23529411764706
2,S0064,0,1,1,0,0.0655299124010668,0.537794202607718,1.62305745503695,1.78614196282698e-12,0.09375,0.236810258336394,2.46017646384749,0.5,0.104166666666667,2.2709920017222,0.65973212852327,3.57228392565397e-12,0.9
2,S0065,0,1,1,0,0.0653776666888233,0.406856613515755,1.25999256387775,1.17492795269127e-11,0.0520833333333334,0.399461186794896,1.18979869531507,0.5,0.104166666666667,1.01851350510471,1.05899642421787,2.34985590538254e-11,0.500000000000001
2,027,1,1,1,0,0.0555043517941534,0.19359252264706,0.926184452292966,5.58422666329065e-11,0.0729166666666666,0.315532799210995,0.800716430809268,0.5,0.0416666666666666,0.613541676590034,1.15669470071557,1.11684533265813e-10,1.75
2,029,1,1,1,0,0,0.192346808849576,11.6100418057895,0.440758029270927,0.328125,2.39739022011169,0.65345115801805,0.5,0.34375,0.080231748355349,17.7672679332352,0.881516058541855,0.954545454545455
2,030,1,1,1,0,0.00871339614151874,0.621210924203285,1.80936304983327,8.1563258638983e-13,0.09375,0.31899121411012,0.629706379521661,0.5,0.0729166666666666,1.94742330423193,2.87334400392721,1.63126517277966e-12,1.28571428571429
2,031,1,1,1,0,0.0717997426851383,0.244020584499006,0.891223835037675,2.04484116064559e-11,0.2875,0.397872193295948,1.3626195537523,0.5,0.1625,0.613313995324867,0.654051846374488,4.08968232129118e-11,1.76923076923077
2,032,1,1,1,0,0.0583722395024284,0.718286318629055,2.63226750569572,3.99903913710382e-14,0.1,0.294653338350747,0.585686098949688,0.5,0.0375,2.43773351644171,4.49433153768916,7.99807827420765e-14,2.66666666666667
2,033,1,1,1,0,0.112279069811216,0.230855673005584,2.08878405091855,2.34640511761491e-12,0.0375,0.172301503976941,1.90456124029562,0.5,0.05,1.33983550739337,1.09672716567221,4.69281023522983e-12,0.749999999999999
2,034,1,1,1,0,0.0631528956090271,0.865861491614119,1.69850419020122,5.22415031843636e-13,0.03125,0.36299689515351,1.30171823633735,0.5,0.0416666666666666,2.38531376762313,1.30481708159848,1.04483006368727e-12,0.750000000000001
2,035,1,1,1,0,0.00913340970505623,0.961609628293455,2.10162928261029,1.80583987161558e-13,0.135416666666667,0.265665273239687,1.39269092372859,0.5,0.03125,3.61962862728346,1.50904213332825,3.61167974323116e-13,4.33333333333333
2,037,1,1,1,0,0.0103347895414475,0.97594753369726,1.89776907670857,8.38234393210394e-13,0.03125,0.450068236683637,1.48210060541519,0.5,0.104166666666667,2.16844348067885,1.28045901187453,1.67646878642079e-12,0.3
2,038,1,1,1,0,0.0151348314228311,1.44689102081209,1.4648830743009,1.10239329489985e-11,0.0875,0.210210678276129,1.21310224511962,0.5,0,6.88305195852841,1.20755120204765,2.20478658979969e-11,Inf
2,040,1,1,1,0,0.0257499187110822,0.718174418794973,2.41473437674761,1.23376145913747e-13,0,0.253691074936871,2.73700416813077,0.5,0.125,2.83090139837865,0.88225454855509,2.46752291827494e-13,0
2,041,1,1,1,0,0.240688173680185,0.414034365338938,1.40480920986333,1.06205204826474e-11,0.03125,0.482346181114019,1.33631348998769,0.5,0.03125,0.858375958077848,1.05125722398886,2.12410409652947e-11,1
2,042,1,1,1,0,0.0425406249192384,0.903809069627251,2.06921057229901,1.14265316166678e-12,0.125,0.499628571476611,1.66533904400511,0.5,0.0703125,1.80896193937852,1.24251609889755,2.28530632333356e-12,1.77777777777778
2,043,1,1,1,0,0.0370491402509695,0.400032153284911,2.64688793428514,1.89977483300354e-11,0.322916666666667,0.473513576462468,1.28089255586428,0.5,0.114583333333333,0.844816649764252,2.06644025071966,3.79954966600707e-11,2.81818181818182
2,044,1,1,1,0,0.0390833334519156,1.44224797209828,51.0062861916462,0.558333335027365,0.375,0.00927215828553003,0.105422906170061,0.5,0.34375,155.546090530943,483.825461132386,1.11666667005473,1.09090909090909
2,S0010,0,1,1,1,0.00826062796254893,0.543394031089797,1.69217360411155,8.59320870533539e-12,0.138888888888889,0.168246513499778,1.68204393711841,0.5,0.0486111111111112,3.22974913290261,1.00602223685696,1.71864174106708e-11,2.85714285714285
2,S0021,0,1,1,1,0.0016592799178937,0.629002757911667,2.39294787557476,8.82404243108659e-14,0.194444444444444,0.163329639848884,1.7256421921019,0.5,0.0208333333333334,3.85112437946741,1.38669991179345,1.76480848621732e-13,9.33333333333332
2,S0022,0,1,1,1,0.000734424223656901,0.298211131449351,3.00025026582719,6.51215281382264e-14,0.284722222222222,0.188491226666046,1.35685916078422,0.5,0.0347222222222222,1.58209555279567,2.21117294450305,1.30243056276453e-13,8.2
2,S0023,0,1,1,1,0.0116774476850817,0.777649834691322,3.34492548620295,0.115884580553789,0.208333333333333,0.481968159175971,1.11033331947439,0.5,0.121527777777778,1.61348798646965,3.01254175438631,0.231769161107578,1.71428571428571
2,S0025,0,1,1,1,0.0100917932183855,0.751774010755255,4.25957109381801,0.0480333359949747,0.0383275261324042,0.196066733630404,0.834765654321571,0.5,0.0174216027874564,3.83427620196085,5.10271484190354,0.0960666719899494,2.20000000000001
2,S0026,0,1,1,1,0.0835821978645027,0.05,3.16227766016838,0.5,0.715277777777778,0.215578023368774,2.17093605523117,0.5,0.0173611111111112,0.231934587852068,1.45664247113518,1,41.1999999999999
2,S0035,0,1,1,1,0.0432692307692308,0.05,3.16227766016838,0.5,0.258741258741259,0.309785447438429,7.66572211208404,0.5,0.426573426573427,0.161402029738462,0.412521822984354,1,0.60655737704918
2,S0049,0,1,1,1,0.000107921062564637,0.707590520754478,3.48253705602803,6.63181852769721e-14,0.03125,0.244128021514648,1.19988339280287,0.5,0.0555555555555556,2.89844040173824,2.90239624693278,1.32636370553944e-13,0.5625
2,S0051,0,1,1,1,0.00119154527903888,0.393655271651617,3.17107127723337,7.22740018976856e-15,0.0383275261324042,0.24980696457378,2.13600562617139,0.5,0.310104529616725,1.57583785673578,1.48458002094182,1.44548003795371e-14,0.123595505617978
2,S0054,0,1,1,1,0.000107629147831712,0.709147343241203,3.00652600077216,3.89303902465259e-13,0.0125,0.083366190392766,0.766340902375509,0.5,0.0083333333333333,8.50641416982319,3.92322266950976,7.78607804930518e-13,1.5
2,S0055,0,1,1,1,0.0055076423001895,0.827057805895322,1.73602168036042,0.0427970072183465,0.125,0.62289883585718,1.75438711860063,0.5,0.173611111111111,1.32775622345994,0.989531707087058,0.085594014436693,0.72
2,S0056,0,1,1,1,0.00442676014980981,0.260013577707782,1.59023604407662,3.15020425429289e-11,0.229166666666667,0.206942787571756,1.04076320492389,0.5,0.0868055555555556,1.25645150893516,1.52795183049628,6.30040850858577e-11,2.64
2,S0064,0,1,1,1,0.0156116436870218,0.609560846204337,2.55006922310326,2.31800116827877e-13,0.0208333333333334,0.219365121816849,1.87564111258642,0.5,0.0347222222222222,2.7787500636189,1.35957204498831,4.63600233655754e-13,0.600000000000001
2,S0065,0,1,1,1,0.0129929933992786,0.332471484417282,3.19226872308322,2.99687072866942e-13,0.0208333333333334,0.232052257524652,2.00150945133283,0.5,0.0208333333333334,1.43274402052289,1.59493062646167,5.99374145733884e-13,1
2,027,1,1,1,1,0.000237935661238743,0.38178178534409,2.78191957039869,3.92618752207831e-13,0.0381944444444444,0.0871300329889451,1.21433228247157,0.5,0.0173611111111112,4.3817472833108,2.29090473057058,7.85237504415662e-13,2.19999999999999
2,029,1,1,1,1,0,0.376652966009782,3.93025333926801,0.247331709076657,0.34375,0.319025020186387,2.55038391795583,0.5,0.171875,1.1806376997946,1.54104380583538,0.494663418153314,2
2,030,1,1,1,1,0.000417310676664515,0.615936213846644,2.71074287141594,3.4796516484131e-14,0.0277777777777778,0.186558374488814,0.651482565827676,0.5,0.0243055555555556,3.30157365239895,4.16088321254165,6.95930329682621e-14,1.14285714285714
2,031,1,1,1,1,0.0109259538813466,0.528150290123339,1.93673249995984,2.4824148296464e-13,0.133333333333333,0.21445791875545,2.85779910960359,0.5,0.0375,2.46272225893229,0.677700715019287,4.96482965929281e-13,3.55555555555556
2,032,1,1,1,1,0.00505902910859144,0.717327614993155,2.78017505381393,7.24811354189672e-12,0.0666666666666667,0.154475720827412,1.39714990098225,0.5,0.0375,4.64362691529104,1.98989031302894,1.44962270837934e-11,1.77777777777778
2,033,1,1,1,1,0.00170187112158719,0.477739414837782,1.96153582669722,1.44960597818302e-12,0.025,0.0367290592860222,0.587542195470832,0.5,0.00416666666666665,13.0071236270294,3.33854460465656,2.89921195636604e-12,6.00000000000003
2,034,1,1,1,1,0.00667319834421867,0.767996347283779,3.27995022154727,8.89323783255554e-14,0.00694444444444442,0.199554454289556,0.921886926927273,0.5,0.0208333333333334,3.84855527288511,3.55786607418289,1.77864756651111e-13,0.333333333333332
2,035,1,1,1,1,0.00244603499476697,0.981974363323763,2.27352672952145,3.13184580187491e-13,0.0208333333333334,0.149743070210758,2.06427062326272,0.5,0.03125,6.55772826042412,1.10137048112809,6.26369160374981e-13,0.666666666666668
2,037,1,1,1,1,7.33478890286742e-05,0.76514819586123,3.35098763852761,1.53581002939801e-12,0.0138888888888888,0.224681192074705,0.982105370346218,0.5,0.0173611111111112,3.4054839606104,3.41204491870999,3.07162005879602e-12,0.799999999999995
2,038,1,1,1,1,2.12824799507042e-05,0.747410974164887,4.04070002464053,9.66407336783988e-13,0.0125,0.0328085020801477,0.500963722065482,0.5,0.0083333333333333,22.7810148826374,8.06585356716181,1.93281467356798e-12,1.5
2,040,1,1,1,1,0.00766517816407262,0.828817736523012,2.63845570841224,1.80173489360235e-13,0,0.266863462267469,0.870558100135339,0.5,0.0083333333333333,3.10577450161504,3.03076349298463,3.6034697872047e-13,0
2,041,1,1,1,1,0.0227959700360838,0.598289980523426,3.22756871090411,3.47291288965291e-14,0.00520833333333337,0.213225136215943,1.63355495387144,0.5,0.03125,2.80590736693215,1.97579438833995,6.94582577930582e-14,0.166666666666668
2,042,1,1,1,1,0.00235177492132383,0.764655040218516,3.43933977376622,3.44350683431e-13,0.0260416666666666,0.23398851616452,1.72895094888655,0.5,0.0416666666666666,3.26791695914204,1.98926393833276,6.88701366862001e-13,0.625
2,043,1,1,1,1,0.0212572195815439,0.370899975606074,3.40940302602563,5.35427683591781e-14,0.163194444444444,0.307066541572552,2.63675916109589,0.5,0.0347222222222222,1.20788143738037,1.29302784885693,1.07085536718356e-13,4.7
2,044,1,1,1,1,0.0408113721595393,1.15645265338669,3.53292500258692,0.583019578011651,0.292682926829268,0.124073338023934,0.777020432219033,0.5,0.212543554006969,9.32071847026157,4.54675946229304,1.1660391560233,1.37704918032787
3,S0021,0,0,0,-1,0.060778240074511,0.147014431793363,3.954687469549,0.0798046442014492,0.279338109129743,0.128821276035122,5.90761652495591,0.5,0.30801585690166,1.14122788034859,0.669421830757458,0.159609288402898,0.906895222666822
3,S0049,0,0,0,-1,0.235820286063892,0.185222704827681,4.47249618233588,0.352363933655435,0.125716963385084,0.211129609898676,3.92131456729088,0.5,0.142572548309041,0.877293833473061,1.14056041809107,0.704727867310871,0.881775382962076
3,S0093,0,0,0,-1,0.0726483255508836,0.160868214257773,3.99009859019116,0.171343407333186,0.283475259255975,0.177545952661044,21.6643536793134,0.5,0.364768630278483,0.906065229010821,0.184178058078935,0.342686814666372,0.777137165110814
3,S0094,0,0,0,-1,0.122774409037963,0.227071253932332,2.84428426084731,0.0509041914985063,0.132615653958948,0.261617167004035,3.19417319608765,0.5,0.227982211576787,0.867952422743075,0.890460249410115,0.101808382997013,0.581692988421079
3,S0009,0,0,0,-1,0.0827428043064078,0.168331561277065,3.45347582531482,0.0172621124400614,0.0881887091315038,0.159845066267947,2.73246680279748,0.5,0.280747874033317,1.05309200469718,1.26386744087034,0.0345242248801228,0.314120665864912
3,S0067,0,0,0,-1,0.0990947053625387,0.266951676379024,1.68237067488208,0.376060873646391,0.136206991627611,0.195941311657626,2.57887565429269,0.5,0.309263276750731,1.36240629462294,0.652365953388127,0.752121747292782,0.440424071873866
3,S0082,0,0,0,-1,0.0353484906377715,0.16952625904037,1.87602803480065,0.110670059936522,0.209877888248686,0.088226212395116,3.39289641537156,0.5,0.35295128886904,1.92149537465301,0.552928178502969,0.221340119873043,0.594636979287416
3,S0068,0,0,0,-1,0.196890786280205,0.229480199649078,2.844711052416,0.294997378471034,4.25870249352342e-12,0.321629194501736,2.46757232770329,0.5,2.0550112164122e-10,0.713493064597528,1.15283796161863,0.589994756942069,0.0207234999960662
3,S0066,0,0,0,-1,0.120629756702945,0.203964112754111,2.74924530580386,0.104639390180027,0.286064340536176,0.234538173224653,3.75770723433774,0.5,0.24374987271777,0.869641431711604,0.731628393154581,0.209278780360054,1.17359790734086
3,S0063,0,0,0,-1,0.146433792682485,0.092248557649234,1.86159148838394,0.342564334438662,0.276228905024406,0.135030624297918,150.702797760378,0.5,0.270831857151792,0.683167674954281,0.0123527334332832,0.685128668877323,1.0199276699919
3,S0091,0,0,0,-1,0.0521178633618037,0.248555624645144,1.50961267368537,0.174386292288539,0.421083582063765,0.273378585146976,17.6205246978878,0.5,0.377527700634387,0.909199323390723,0.085673536944466,0.348772584577078,1.11537135250258
3,S0087,0,0,0,-1,0.146872208173764,0.222916428109127,2.32910676516753,0.136477318698352,0.217487102755545,0.268282642382036,4.1089659125651,0.5,0.235671847647161,0.830901418481232,0.566835260921778,0.272954637396705,0.922838705288032
3,S0092,0,0,0,-1,0.0393430818525399,0.201978524597159,2.67342414927069,0.0638610900861251,0.302879945087521,0.695331743832358,2.30434651459243,0.5,9.1806266584306e-10,0.290477928540906,1.16016585714911,0.12772218017225,329912059.771415
3,S0095,0,0,0,-1,0.00504326642151841,0.23367174844397,6.11555456930844,0.0840544403586402,0.421748857098256,18.8984454799506,7.53010423029377e-14,0.5,0.39830149174562,0.0123646015589945,81214739959447.6,0.16810888071728,1.05886838447397
3,S0090,0,0,0,-1,0.223621529846006,0.1653916952504,22.4400118945606,0.828109972979347,0.0209644466776656,0.0881567573344847,3.18358959868747,0.5,0.227394971734898,1.87610910667767,7.0486509642487,1.65621994595869,0.092193976488215
3,045,1,0,0,-1,0.167103777578841,0.240811690954132,3.42939890388208,0.0376860386176971,0.14619131590688,0.261432543152744,3.37201059946953,0.5,0.074150215351397,0.921123621604506,1.01701901661329,0.0753720772353942,1.97155618785571
3,047,1,0,0,-1,0.161198025514483,0.152591760396494,2.17217791782855,0.154102973540474,0.0115082698876948,0.125631890313916,6.06802215398162,0.5,0.170083673734311,1.21459416088713,0.357971322896909,0.308205947080947,0.0676624018932699
3,048,1,0,0,-1,0.142680423738242,0.174176808173174,4.25551642655126,0.136301559544507,0.034343783445139,0.400658382002205,1.54140938438248,0.5,4.46305039900577e-12,0.434726480206811,2.76079571700291,0.272603119089013,7695136817.8118
3,049,1,0,0,-1,0.303512061845269,0.188616258002287,3.25075093813954,0.28973818560021,0.0597357838540539,0.21377921587655,38.6835054782654,0.5,0.100019563506139,0.882294647910048,0.0840345490396674,0.57947637120042,0.597240997261375
3,050,1,0,0,-1,0.0244304182226197,0.212623646005282,3.63825417931942,0.407173637043661,0.151315853901258,43.6900840463207,3.04128762254977e-14,0.5,0.400772087185025,0.00486663394329606,119628743836769,0.814347274087322,0.377560859999214
3,051,1,0,0,-1,0.276984504799389,0.252213531635928,2.75354644800109,0.345897565916774,3.72711358472006e-12,0.324205399871169,61.5005455081288,0.5,0.0584947730861151,0.777943648489974,0.0447727158393602,0.691795131833548,6.37170363791832e-11
3,052,1,0,0,-1,0.0479546809182487,0.199591063127813,5.96169261187525,0.0644911879724982,0.631160876071462,0.169596263676146,0.958324005629239,0.5,0.0192372761689862,1.17686002510612,6.22095718865019,0.128982375944996,32.8092641872554
3,054,1,0,0,-1,0.122344582957588,0.182457149472224,3.84596431105765,0.0771485490215197,0.306922691662263,0.206144422023734,6.42175367294132,0.5,0.246338113364988,0.885093798226649,0.598896268360929,0.154297098043039,1.24594074164849
3,056,1,0,0,-1,0.297812546896026,0.108961669621533,0.408833029177402,0.785868170389722,4.25184685782805e-11,0.18049764264782,3.99289104994554,0.5,0.173418423829659,0.603673643728052,0.102390229050447,1.57173634077944,2.45178497412964e-10
3,057,1,0,0,-1,0.105148614205025,0.181223636346304,4.02580375819318,0.105511957479727,0.103770057337726,0.215454111927188,8.75297794340682,0.5,0.344990988872278,0.841124055258447,0.459935325351256,0.211023914959455,0.300790631305861
3,058,1,0,0,-1,0.204398261788339,0.306002802460284,2.95573818425567,0.799257040127514,9.7758923931105e-14,0.262046703215838,2.32246766033111,0.5,0.193192397576592,1.16774147014641,1.27267140668572,1.59851408025503,5.06018482908201e-13
3,059,1,0,0,-1,0.202963855436117,0.168033571332641,3.08175435668401,0.107236971666365,0.0431097680636898,0.201256858041207,2.62192550406986,0.5,0.156666535443742,0.834920970982448,1.17537830571478,0.214473943332731,0.275168962801058
3,060,1,0,0,-1,0.203458466535191,0.140765918077706,50.2368782454671,0.780679032929376,0.0833332838133978,0.442808214070952,1.88098411559557,0.5,3.9571372403835e-08,0.317893646966428,26.7077631485265,1.56135806585875,2105898.24792939
3,061,1,0,0,-1,0.151016738403309,0.193949648936554,4.84642147704142,0.33119002829126,0.163786685255787,0.195124105595292,4.55110714833099,0.5,0.235508543156455,0.993980976081073,1.06488845880474,0.662380056582519,0.695459634120274
3,062,1,0,0,-1,0.245569642024185,0.194584378538281,2.55627830132625,0.124243725440935,0.0108445894846484,0.201923882311314,5.812630161839,0.5,0.0749044551786509,0.963652126291246,0.439779967097974,0.24848745088187,0.144778964866422
3,S0021,0,0,0,0,0.0545650859864232,0.154765415479063,4.00111676400324,0.0447593576015071,3.94657065715413e-14,0.158889294251748,4.66988860077418,0.5,0.0205938359271127,0.974045584429679,0.856790623086796,0.0895187152030141,1.91638443227485e-12
3,S0049,0,0,0,0,0.171827941405074,0.141431726074102,2.78117235471256,0.214037519568795,1.58610309214188e-14,0.148036840571579,2.1579162458545,0.5,0.0155336528626876,0.955381954438005,1.28882312279514,0.42807503913759,1.02107540715794e-12
3,S0093,0,0,0,0,0.0459202302764123,0.15748643271406,3.34141110931982,0.0859373936700007,0.0219844519358101,0.171787974846637,3.76976696757267,0.5,0.19165173160308,0.916748875203026,0.886370732743551,0.171874787340001,0.11471042683476
3,S0094,0,0,0,0,0.107498021372805,0.172764418842485,2.73554366033762,0.0555906037164793,0.0245544287227662,0.181753599692072,4.20520072905668,0.5,0.113046496893,0.950541937739792,0.650514407418374,0.111181207432959,0.217206453960332
3,S0009,0,0,0,0,0.0931860977016886,0.146369383884374,4.15095726684936,0.016787336402428,0.0276509866536159,0.147712892520523,10.0505203303406,0.5,0.113084675740747,0.990904594627975,0.413009190610598,0.0335746728048561,0.244515770792917
3,S0067,0,0,0,0,0.105137619655022,0.188690062688217,3.57165792976054,0.409983274265036,4.80407552102343e-09,0.244150793213474,2.92096644084562,0.5,2.73128735111548e-13,0.772842308659774,1.22276582154999,0.819966548530073,17589.0519870105
3,S0082,0,0,0,0,0.0308820410269632,0.149195407668333,3.1076648135677,0.143664927878778,0.0326155406844606,0.146729150267516,2.00530006934195,0.5,0.121574988897156,1.01680823065029,1.54972558026565,0.287329855757556,0.268275086679638
3,S0068,0,0,0,0,0.18186638773192,0.156618741362216,3.25622969534871,0.254255819822245,3.0303914352171e-14,0.180571576621097,3.38206041262325,0.5,0.0612759266219238,0.867349913496394,0.962794657125316,0.508511639644489,4.94548447045901e-13
3,S0066,0,0,0,0,0.0925638084951409,0.19599349147337,3.76431405401907,0.0665524336591648,1.08055341130637e-14,0.220657349892889,3.42371293378247,0.5,9.99024700210251e-14,0.888225529620964,1.09948296683282,0.13310486731833,0.108160830365752
3,S0063,0,0,0,0,0.128580275720293,0.103099310328355,1.86441576762326,0.33630281004286,1.82850798101885e-13,0.137100604774713,2.01275403721432,0.5,0.0272723138869039,0.751997487522176,0.926300846080347,0.67260562008572,6.70463088904567e-12
3,S0091,0,0,0,0,0.0188227520600051,0.193847033508142,2.67999913752724,0.0567628619668233,0.135274752458174,0.18086076642511,1.63558114271834,0.5,0.254338215619274,1.07180256580638,1.63856079501691,0.113525723933647,0.531869550664263
3,S0087,0,0,0,0,0.107006568975505,0.184464983969069,3.06773474411524,0.0947770027513312,5.21640798266611e-15,0.225156128603626,2.52373223901491,0.5,2.48723197130773e-13,0.819275873648582,1.21555476317594,0.189554005502662,0.0209727441703937
3,S0092,0,0,0,0,0.00918787751593537,0.183047636134147,3.39501491754066,0.0455872739672818,0.0239567930059687,0.291200760146623,1.93821414935253,0.5,2.80592582412211e-12,0.628596010676553,1.75162012859868,0.0911745479345637,8537928123.4079
3,S0095,0,0,0,0,0.00265011664421597,0.194269036549154,3.7784886089021,0.0390296440258466,6.79170887705964e-14,0.202093347575404,1.60588142785641,0.5,0.120815762559929,0.96128367845789,2.35290634996991,0.0780592880516933,5.62154203487371e-13
3,S0090,0,0,0,0,0.222006680641145,0.11476360337086,47.4635306154856,0.799479026464269,0.0166666856361661,0.138383714548643,1.50666105802553,0.5,0.0480267630168131,0.829314372324636,31.5024605983288,1.59895805292854,0.347029126871021
3,045,1,0,0,0,0.142482771709436,0.200371063555244,5.95714172430703,0.0153765367408547,0.0216133851505861,0.202910437952442,5.75364544056226,0.5,1.77744614321503e-16,0.987485245102113,1.03536823494721,0.0307530734817094,121597974898367
3,047,1,0,0,0,0.156186617479185,0.121347312512409,3.50315536342868,0.0997131702529471,9.32665413968726e-14,0.124131712303429,5.26972207771539,0.5,0.0335225195702943,0.977568989105588,0.66477042086201,0.199426340505894,2.78220559171573e-12
3,048,1,0,0,0,0.13103081949229,0.137338890015599,6.59124904202064,0.0900604353492708,0.0273722878525672,0.140209995532591,15.2855305293449,0.5,0.156334994380563,0.979522818568775,0.431208392104343,0.180120870698542,0.175087401007195
3,049,1,0,0,0,0.232366575802258,0.145225615357401,2.99528272400278,0.213006260769052,0.0177470893292839,0.164911325547364,1.96051054111865,0.5,0.0697438872861598,0.880628512780288,1.52780750788195,0.426012521538103,0.254460856999086
3,050,1,0,0,0,0.0273025934796466,0.20220764711895,4.54238335007657,0.454471025532216,0.0974905586040485,0.533490093285079,0.99710445489063,0.5,3.98495607986985e-11,0.379027932597236,4.55557422073178,0.908942051064432,2446465071.38499
3,051,1,0,0,0,0.191399568171193,0.190530314558864,2.89974741836712,0.398474164439224,4.60366512487976e-13,0.198418258733084,3.30925464304368,0.5,5.52946251206168e-15,0.960245875432108,0.876253939678718,0.796948328878449,83.2570094260983
3,052,1,0,0,0,0.0299068928120848,0.216311299380658,3.04499026556032,0.0106389894151619,0.232812726786968,0.12489896358721,1.86209721749189,0.5,6.45324000554385e-14,1.73189026688455,1.63524773946105,0.0212779788303238,3607687403334.81
3,054,1,0,0,0,0.078460371190881,0.184826051426096,4.36743127048731,0.0173732973748719,0.0381924740457805,0.211462644307068,2.99722586853244,0.5,0.0445724215353632,0.874036414477572,1.45715787266503,0.0347465947497438,0.856863341281089
3,056,1,0,0,0,0.259741706802023,0.12025879997388,1.78217513369244,0.662196030841309,3.71093715290263e-13,0.159124473883356,1.73258681464647,0.5,1.55495473129955e-12,0.755753009194764,1.02862097219416,1.32439206168262,0.238652423649736
3,057,1,0,0,0,0.0661585929282635,0.157334030997334,3.3474430055823,0.0275683232293297,1.53437770551013e-13,0.136673643397282,70.2464671969904,0.5,0.160000001764611,1.15116585090218,0.0476528306568807,0.0551366464586594,9.58986055367349e-13
3,058,1,0,0,0,0.216278323907202,0.124819115225284,2.36363068748198,0.739632919131769,9.31334709320226e-15,0.158878683786472,4.92296697516935,0.5,0.1120801718649,0.785625310145677,0.480123206067347,1.47926583826354,8.30954033906057e-14
3,059,1,0,0,0,0.133101593341086,0.156855661533887,4.43568977551401,0.0553335092233407,2.11387199407498e-14,0.17166669807382,2.31130751090444,0.5,0.0614967793047714,0.913722133028018,1.91912575656291,0.110667018446681,3.43737024600729e-13
3,060,1,0,0,0,0.195651681906317,0.157805871231366,3.24387060369516,0.537742954064061,3.4563040400026e-13,0.224977965425704,4.62940579268824,0.5,0.0617059037497524,0.701428119561689,0.700709928867887,1.07548590812812,5.60125341331942e-12
3,061,1,0,0,0,0.138581188627074,0.163043958980227,3.53354175483971,0.235540199334432,0.0194882216554219,0.18228761129843,3.60978910438821,0.5,0.0621438721981788,0.894432473051072,0.978877616574384,0.471080398668864,0.313598444481755
3,062,1,0,0,0,0.178341602272211,0.136905085840616,5.97700025673546,0.0518407380703391,0.157850924287638,0.14177322723064,3.67442591897741,0.5,0.0939027097077345,0.965662477428801,1.62664873058561,0.103681476140678,1.68100499739505
3,S0021,0,0,0,1,0.0431947110268903,0.124924163351531,3.59324853233697,0.0504993834892822,1.66935300577598e-13,0.126908506960675,3.39159432116877,0.5,9.46942459871078e-14,0.984363982709539,1.05945705531748,0.100998766978564,1.7628874789322
3,S0049,0,0,0,1,0.1377619345982,0.136633762657295,3.46846010556154,0.11627592374198,1.00877623604658e-14,0.133489591650904,3.1066923883193,0.5,1.56017338407348e-13,1.02355367911091,1.1164478718918,0.23255184748396,0.0646579570158256
3,S0093,0,0,0,1,0.0385910415488981,0.137778379443233,3.56319485469129,0.130063420375264,1.65301633852966e-14,0.129583959515695,4.87156543201647,0.5,0.093851716562162,1.06323637553725,0.731427075016499,0.260126840750528,1.76130645136873e-13
3,S0094,0,0,0,1,0.0890732621159872,0.130018548246137,3.65753004410508,0.04978874889877,3.4772068344331e-15,0.138784865309312,4.3629253508027,0.5,0.00799490066107011,0.936835208625687,0.838320564763309,0.09957749779754,4.34928085018592e-13
3,S0009,0,0,0,1,0.046665057839767,0.135855766203696,3.98728796875017,0.0116891359726877,3.5225289511593e-14,0.139126554464914,3.69711475748569,0.5,0.00721165506127119,0.976490553699133,1.07848639555398,0.0233782719453754,4.88449450400972e-12
3,S0067,0,0,0,1,0.0733805103468424,0.132722756667733,2.77196425725844,0.231886939917989,1.73463673891962e-12,0.140966249125292,2.97685664965811,0.5,0.0078497031677747,0.941521516613296,0.931171562317856,0.463773879835978,2.20981188950024e-10
3,S0082,0,0,0,1,0.0593288143527482,0.11681903561772,2.89335824093874,0.354318267739284,3.39009861386126e-15,0.121669102216255,2.27209710819872,0.5,0.0147287071471522,0.96013723689754,1.27343071319365,0.708636535478569,2.30169462940047e-13
3,S0068,0,0,0,1,0.115600362848105,0.11874474044633,3.03048084037773,0.130054355701131,4.19556877874887e-13,0.115924325921728,3.05868549507082,0.5,0.0136156900894897,1.0243297901642,0.99077883138409,0.260108711402262,3.08142205879638e-11
3,S0066,0,0,0,1,0.0655746117426263,0.151093555296789,3.67323253115298,0.0328195944551536,0.00128543232586316,0.150157333848155,3.51433260294993,0.5,0.00251946497078536,1.00623493654716,1.04521482345458,0.0656391889103072,0.51020051509685
3,S0063,0,0,0,1,0.0882533099435507,0.0967245615647407,2.6267993377334,0.228975653131065,6.57682370783084e-15,0.0985067775231934,2.56187806478205,0.5,1.74914770535755e-14,0.981907681854347,1.02534128139969,0.45795130626213,0.37600161997105
3,S0091,0,0,0,1,0.0196185501841627,0.120003414660711,3.02716006319596,0.0903804799425601,0.00418145854502939,0.122320368266112,2.29976248789565,0.5,0.0287972667245456,0.981058317283995,1.31629247764881,0.18076095988512,0.145203313391728
3,S0087,0,0,0,1,0.0731882159242794,0.148401487322785,3.9138767830667,0.0437062539109427,0.00909702015372265,0.145797646059284,3.79923549598904,0.5,0.0207641537980775,1.01785928191489,1.03017483048858,0.0874125078218854,0.438111769070258
3,S0092,0,0,0,1,0.00712311953050257,0.136858614939739,4.18983144597933,0.0269599291124659,0.0139715358477456,0.146792831141104,3.32872310181878,0.5,0.0229804582796652,0.93232492265364,1.25869028988625,0.0539198582249317,0.607974639918675
3,S0095,0,0,0,1,0.0103973906607232,0.144564568974491,4.4960341045188,0.156154399855692,0.00714365988007529,0.142553469489736,3.122494400917,0.5,0.0207299006453379,1.01410768529137,1.43988540161943,0.312308799711384,0.34460656624912
3,S0090,0,0,0,1,0.205155455583382,0.0951483885129758,2.86451045295891,0.627130532444649,1.7476847250221e-14,0.108806963229232,2.81778279940671,0.5,3.50494026367785e-13,0.874469663421441,1.01658312825319,1.2542610648893,0.0498634668080819
3,045,1,0,0,1,0.157065527982849,0.178218691048863,5.23215845374079,0.00188517964185109,2.76843774264906e-14,0.183236333892664,5.77326941009478,0.5,5.00825944574666e-15,0.972616550783316,0.906273046013088,0.00377035928370218,5.52774426452727
3,047,1,0,0,1,0.128781394409764,0.10963682703937,2.5877970122275,0.111155138056412,8.41910012479549e-15,0.109193147129916,2.63450458067256,0.5,0.0109239157863167,1.00406325782446,0.982270834225258,0.222310276112824,7.70703499503471e-13
3,048,1,0,0,1,0.0544623797619054,0.120544599560556,4.75767242725628,0.088061217184184,0.0125172828097945,0.126910758950114,2.54876297456165,0.5,0.0137057146513551,0.949837512262763,1.86665942448985,0.176122434368368,0.913289319689495
3,049,1,0,0,1,0.16235619847721,0.135708742669119,4.08923089483274,0.110719943353323,0.036356255127627,0.132643632504885,2.86003761936583,0.5,0.0329376499953446,1.02310785754545,1.42978220536115,0.221439886706646,1.10379019549864
3,050,1,0,0,1,0.0203441929629779,0.145605594815604,2.14389552178602,0.327192827061294,0.00870059238170611,0.154711576178042,1.32287077764008,0.5,0.0493346365307418,0.941142210638725,1.62063865800301,0.654385654122588,0.176358700368341
3,051,1,0,0,1,0.104826789821219,0.138367680791008,3.56561298448565,0.291532583525154,1.17473712387507e-14,0.0962021371177214,1.93585617755207,0.5,2.12628054198934e-13,1.43830152776844,1.84187907440233,0.583065167050308,0.0552484538458876
3,052,1,0,0,1,0.0328024901459511,0.18745935050213,3.43851257886619,0.0385368051449254,0.164226196845608,0.0991612186798612,2.51688083154158,0.5,0.00383727132877744,1.89045024857284,1.3661801289019,0.0770736102898509,42.7976504069445
3,054,1,0,0,1,0.065150138608741,0.172348455662294,5.31467233563568,0.00198338900741777,0.0212826821166111,0.172522067989443,5.47009082560227,0.5,0.0149025213923276,0.998993680465503,0.971587585120311,0.00396677801483555,1.42812625839063
3,056,1,0,0,1,0.270521024210046,0.0864674462129135,2.11735089338632,0.749876541238031,1.0517417129313e-13,0.0978840967011387,2.00756892483709,0.5,0.0100756043161697,0.883365624519347,1.05468403460077,1.49975308247606,1.04384975821591e-11
3,057,1,0,0,1,0.0171316195996307,0.124508407788636,3.47630365612108,0.0681408328743415,2.80377075310323e-14,0.109671969826167,2.27098391562443,0.5,0.0171347965986731,1.13528012659921,1.5307478103231,0.136281665748683,1.63630232606341e-12
3,058,1,0,0,1,0.120284540886097,0.101079229310111,2.88059075327214,0.433204338771952,2.16757058453664e-14,0.0925487860475426,1.84559579142077,0.5,6.84923575188282e-14,1.0921723949808,1.56079178694627,0.866408677543904,0.316468970124264
3,059,1,0,0,1,0.101637196557188,0.140216973266961,3.28579847716792,0.0408389944683128,1.00244042191288e-12,0.133502080765814,2.81827533257416,0.5,0.0135311858430135,1.050298036275,1.16588980472917,0.0816779889366256,7.40837080757759e-11
3,060,1,0,0,1,0.0898209626094293,0.141758990288002,4.04076302218125,0.0964442514956942,0.00211879027496198,0.165813556503137,3.09037830029477,0.5,0.0489719200740488,0.854930038759046,1.30753022107223,0.192888502991388,0.0432654115206883
3,061,1,0,0,1,0.125066637738441,0.129536219285507,2.79358152932315,0.229934134103688,0.0157139296113827,0.143984439330361,2.61657856342951,0.5,0.0344747808647591,0.899654295199893,1.06764672323144,0.459868268207377,0.455809412481162
3,062,1,0,0,1,0.175935772974225,0.136958427503046,3.84117608479682,0.0565894615873563,0.0185785641701384,0.137551407730977,3.50185066312466,0.5,0.0242163884191084,0.995689028286134,1.09689888413728,0.113178923174713,0.76718971667462
4,S0021,0,0,1,-1,0.0491388938924806,0.299524575810939,5.56657202854086,0.0836054807567613,0.229166666666667,0.250497417121497,1.27112174201083,0.5,0.270833333333333,1.19571921839682,4.37925955049351,0.167210961513523,0.846153846153846
4,S0099,0,0,1,-1,0.0528500044514967,0.343676283940224,53.2221698043613,0.377500031796405,0.4125,0.111390700078019,1.86297585282038,0.5,0.35,3.08532295514358,28.5683626676039,0.755000063592809,1.17857142857143
4,S0094,0,0,1,-1,0.0564838804302679,0.372510505101713,4.09601825957983,0.0502604051106145,0.3375,0.315634880693045,4.0986769343087,0.5,0.2625,1.1801943571122,0.999351333425034,0.100520810221229,1.28571428571429
4,S0093,0,0,1,-1,0.027291404429397,0.462267536220701,4.74523017380613,0.0929473353469791,0.395833333333333,0.208830661813636,1.81936948519384,0.5,0.25,2.21359991969588,2.60817289309465,0.185894670693958,1.58333333333333
4,S0097,0,0,1,-1,0.0272064252056372,0.312772683763491,4.43522442401726,0.005947982037942,0.0208333333333334,0.156804749879926,1.31340791157432,0.5,0.239583333333333,1.99466332495029,3.3768826766857,0.011895964075884,0.0869565217391306
4,S0068,0,0,1,-1,0.035849382362252,0.303010164342264,3.11896958550888,0.081864463409603,0.114583333333333,0.179535480996944,3.81446823937692,0.5,0.3125,1.68774530059282,0.817668254073168,0.163728926819206,0.366666666666667
4,S0002,0,0,1,-1,0.147362706045503,0.227019955787611,2.25599378963288,0.100714305102433,0.0104166666666666,0.168156971937699,3.55209249435281,0.5,0.125,1.35004783430402,0.635116848229461,0.201428610204867,0.083333333333333
4,S0085,0,0,1,-1,0.0576164779098702,0.226881342493762,4.63715126360869,0.0340098824927227,0.025,0.138712793528429,0.97464968131353,0.5,0.225,1.63561944592561,4.75776204775364,0.0680197649854453,0.111111111111111
4,S0070,0,0,1,-1,0.0213124989318022,0.340058347297444,65.9386623697779,0.19374999028579,0.614583333333333,0.233939945361323,62.7011393535442,0.5,0.385416666666667,1.45361386133616,1.05163419755387,0.387499980571579,1.59459459459459
4,S0112,0,0,1,-1,0.020823162955441,0.367272804251375,9.43321303887765,0.0967876636109238,0.6375,0.278548767324628,1.15437606581866,0.5,0.325,1.3185224539994,8.17169839032293,0.193575327221848,1.96153846153846
4,S0108,0,0,1,-1,0.10604598969795,0.319187559740202,4.09046614247285,0.0313795269490783,0.0625,0.240425866144485,1.85472878539214,0.5,0.0729166666666666,1.32759242946175,2.20542549114965,0.0627590538981566,0.857142857142858
4,S0073,0,0,1,-1,0.0909618179290728,0.376879744055541,4.04342065299529,0.0861428014529252,0.270833333333333,0.332231187297931,2.2222808056546,0.5,0.145833333333333,1.13439002256453,1.81949132742666,0.17228560290585,1.85714285714286
4,S0100,0,0,1,-1,0.00738125043931964,0.296792352526858,2.82658940524052,0.0392656075038607,0.65,0.347706478999114,0.493475462541621,0.5,0.3625,0.853571533614172,5.72792290559353,0.0785312150077215,1.79310344827586
4,S0101,0,0,1,-1,0.00448708514140527,0.303113572894126,4.3772400160208,9.41058636249557e-14,0.0375,0.109157018757879,3.15790670189436,0.5,0.125,2.77685829407325,1.38612075315429,1.88211727249911e-13,0.3
4,S0004,0,0,1,-1,0.075370786065892,0.304394053749127,4.5134845805299,0.0289798497405288,0.145833333333333,0.317180401720527,2.00286047537641,0.5,0.260416666666667,0.959687458928608,2.25351922214235,0.0579596994810577,0.56
4,063,1,0,1,-1,0.0524295233822318,0.355922072413903,4.06343004064454,0.0650342748534855,0.325,0.278622714755396,1.37964151710411,0.5,0.1875,1.27743379690478,2.94527961812409,0.130068549706971,1.73333333333333
4,064,1,0,1,-1,0.0896700415408317,0.304206579041631,3.33569674438275,0.00998247285367576,0.03125,0.241705073746485,1.91661324712147,0.5,0.1875,1.25858582249167,1.74041202594868,0.0199649457073515,0.166666666666667
4,066,1,0,1,-1,0.0398419205197995,0.315169737392637,3.12859591966156,5.14392138323437e-15,0.3,0.138163197403179,0.97881802241496,0.5,0.075,2.28114102247453,3.19629987190328,1.02878427664687e-14,4
4,068,1,0,1,-1,0.0835608499359307,0.294664262183789,3.58048478109796,0.0114158793128176,0.075,0.195275324913011,1.21891866271551,0.5,0.0875,1.50896823403086,2.93742715623152,0.0228317586256352,0.857142857142856
4,071,1,0,1,-1,0.0211425853720189,0.359545972067894,8.6142452957638,0.0272457800002284,0.3625,0.548452700394118,0.936736795593959,0.5,0.2625,0.655564229713017,9.19601465030713,0.0544915600004567,1.38095238095238
4,072,1,0,1,-1,0.0146400296926864,0.373834842702743,3.56453891267958,1.66408416460189e-13,0.15625,0.10618019602542,0.783771205746588,0.5,0.239583333333333,3.52075864140658,4.54793297654275,3.32816832920378e-13,0.652173913043478
4,073,1,0,1,-1,0.0654321942904498,0.354219057349682,4.78992777868565,0.0415463847095251,0.2375,0.238488892812319,1.57821786301315,0.5,0.1125,1.48526437928679,3.03502316818331,0.0830927694190502,2.11111111111111
4,076,1,0,1,-1,0.0208072016078448,0.303172780102608,6.5880899691475,0.0520027204346418,0.4375,0.270461829171555,0.572257983950908,0.5,0.2875,1.12094479665115,11.5124474518693,0.104005440869284,1.52173913043478
4,078,1,0,1,-1,0.0108147508991981,0.352411198990852,7.5312381964792,0.0175887916506552,0.145833333333333,0.186630781515106,3.16646343108306,0.5,0.177083333333333,1.88828014398218,2.37843839361922,0.0351775833013104,0.823529411764706
4,079,1,0,1,-1,0.0257606027009409,0.309673080791628,3.96655728763429,0.036107222083016,0.133928571428571,0.0767216225325195,0.715482380076445,0.5,0.223214285714286,4.03632079939875,5.54389234184983,0.0722144441660319,0.6
4,080,1,0,1,-1,0.109033426941971,0.109996629771812,0.548084023535097,3.83786993484206e-11,0.416666666666667,0.120986988405564,0.722667273846299,0.5,0.104166666666667,0.909160821518169,0.758418214537367,7.67573986968412e-11,4
4,082,1,0,1,-1,0.00763725468199044,0.78768255880327,2.18075967987443,3.81568224208465e-16,0.6875,0.271504249166337,1.17559146889897,0.5,0.0729166666666666,2.90117948879945,1.8550319031465,7.6313644841693e-16,9.42857142857143
4,083,1,0,1,-1,0.0340575997677005,0.295830435864692,2.6801303799473,0.038789813416381,0.541666666666667,0.120665880725881,1.54928215691553,0.5,0.0729166666666666,2.45164941477315,1.72991754147816,0.0775796268327621,7.42857142857143
4,084,1,0,1,-1,0.0682440967501562,0.347641613657718,3.47816199992801,0.0560132532987762,0.15625,0.233381611728171,0.96201183785706,0.5,0.09375,1.48958442391182,3.6155085239656,0.112026506597552,1.66666666666667
4,086,1,0,1,-1,0.0395719762627697,0.323687522110987,3.07271196841625,0.0167425834357933,0.1125,0.150429429752626,1.14290025245516,0.5,0.1875,2.15175662530447,2.68852155891602,0.0334851668715865,0.6
4,S0021,0,0,1,0,0.00121871168033744,0.312001707689265,4.89628552346396,0.00477291975750928,0,0.141158827889782,1.88444344775528,0.5,0.0625,2.21028831390466,2.59826609776819,0.00954583951501856,0
4,S0099,0,0,1,0,0.036171251779282,0.0333333333333334,10.6666666666667,0.000916666666666667,0.5625,0.135882158936398,1.30706582961354,0.5,0.0875,0.24531059555019,8.1607723383148,0.00183333333333333,6.42857142857143
4,S0094,0,0,1,0,0.00786098784359236,0.329577779371013,5.325347972782,0.0261712175270707,0.025,0.245330115459196,1.65755860679686,0.5,0,1.34340530820738,3.21276602283941,0.0523424350541414,Inf
4,S0093,0,0,1,0,0.00451636021307904,0.374641346577126,7.19735529538294,0.0187680623926788,0.104166666666667,0.159232323147682,1.20781445479706,0.5,0.0625,2.3527970902595,5.95899085889999,0.0375361247853577,1.66666666666667
4,S0097,0,0,1,0,0.000105745233262103,0.313746813108044,5.54385236143389,3.7832379749977e-14,0.03125,0.0994160739263589,2.16505279824051,0.5,0.125,3.15589623203635,2.56060839067724,7.56647594999541e-14,0.25
4,S0068,0,0,1,0,0.0102702703137818,0.246589662178013,3.39597079092979,0.00960106978007983,0.0416666666666666,0.231213339802978,1.48384127805331,0.5,0.0729166666666666,1.06650274758428,2.28863480289823,0.0192021395601597,0.571428571428571
4,S0002,0,0,1,0,0.0579199130505606,0.223693717920405,2.96710351837888,0.00906278152972239,0,0.148027949058992,1.75868260646245,0.5,0.0520833333333334,1.51115866525488,1.68711711111258,0.0181255630594448,0
4,S0085,0,0,1,0,0.00859329692748963,0.227487238989374,4.2214942307558,0.004661771414318,0,0.145685893166145,1.31844952685619,0.5,0.1,1.5614911920809,3.20186260055161,0.00932354282863601,0
4,S0070,0,0,1,0,0.00527652580419994,0.37942225007172,4.68700493949936,0.0479278241986719,0.0833333333333334,0.154537537549851,1.27487132729122,0.5,0.104166666666667,2.45521092213162,3.67645333232025,0.0958556483973437,0.800000000000001
4,S0112,0,0,1,0,0.00242041586914295,0.371664396382686,4.13593989128112,0.0130487205875527,0.1375,0.224564407224646,1.61107496157073,0.5,0.075,1.65504587737666,2.56719270669365,0.0260974411751055,1.83333333333333
4,S0108,0,0,1,0,0.0524991600128242,0.267560409709554,3.9965106845438,1.82226231179377e-15,0,0.182419625800076,2.06283745071775,0.5,0.0208333333333334,1.46673039447405,1.93738516971041,3.64452462358754e-15,0
4,S0073,0,0,1,0,0.0118299467142158,0.330307509757033,4.83904495392862,0.0272777111796856,0.0625,0.183618232284812,1.3508814970978,0.5,0.0104166666666666,1.79888187380374,3.58213874742137,0.0545554223593711,6.00000000000002
4,S0100,0,0,1,0,0.00254903581834943,0.355929735974132,6.55066233788425,0.0283226191659686,0.2875,0.147854098111359,0.560779316509584,0.5,0.2,2.40730382532959,11.68135511605,0.0566452383319372,1.4375
4,S0101,0,0,1,0,0.0121107112042962,0.291281690883752,4.02544233622228,5.7019444137357e-14,0,0.145693505406211,1.0539663089713,0.5,0.025,1.99927711308493,3.81932733708655,1.14038888274714e-13,0
4,S0004,0,0,1,0,0.00575041186530259,0.337713867162838,5.38758829253433,0.0219149849014008,0.0416666666666666,0.219794051081061,1.24622292028526,0.5,0.125,1.53650139984129,4.3231336904806,0.0438299698028015,0.333333333333333
4,063,1,0,1,0,0.0154052825579947,0.283305266335463,3.32769121944164,0.0215177771346018,0.075,0.167557108798182,1.9242882978611,0.5,0.0375,1.69079825002649,1.72931011592206,0.0430355542692036,2
4,064,1,0,1,0,0.015205082764003,0.262327450263518,4.30151248518746,1.65821419491777e-14,0,0.174501113644214,2.44979421456937,0.5,0.0416666666666666,1.50329957663406,1.75586686408417,3.31642838983554e-14,0
4,066,1,0,1,0,0.0116084271419588,0.361171889489357,2.80119257881491,5.87005543804815e-14,0.1,0.115417006646843,2.13519224840198,0.5,0.05,3.12927791130889,1.31191586186742,1.17401108760963e-13,2
4,068,1,0,1,0,0.00846073225749494,0.280975155919755,4.34839441612032,0.00341808623778512,0,0.119785872429322,1.27511401735027,0.5,0.025,2.34564519355603,3.41020046596023,0.00683617247557024,0
4,071,1,0,1,0,0.00125741985694224,0.497836239104138,3.84912111214709,0.00869174638756299,0.225,0.120341113659844,1.79978320436057,0.5,0.1875,4.13687578553845,2.13865820217753,0.017383492775126,1.2
4,072,1,0,1,0,0.00536893170973326,0.344169941301963,5.78048105565549,0.0214683641990491,0.0729166666666666,0.0970560799519272,0.578003030963337,0.5,0.0625,3.54609357262763,10.0007798333191,0.0429367283980982,1.16666666666667
4,073,1,0,1,0,0.00957555589013469,0.355055338953274,5.8453325644173,0.0229279199579838,0.0875,0.142827187024499,2.08624215272944,0.5,0.05,2.48590864491626,2.8018475979741,0.0458558399159677,1.75
4,076,1,0,1,0,0.00662331087783556,0.297876022205035,3.60571612193541,0.0392607214455074,0.05,0.173400717429307,1.12378275495315,0.5,0.0625,1.71784769187287,3.20855263710266,0.0785214428910148,0.800000000000001
4,078,1,0,1,0,0.00696559924921705,0.328146021427424,4.90916842465308,7.15311621404746e-14,0.0104166666666666,0.171438146811755,5.02557063082654,0.5,0.0729166666666666,1.91407821147145,0.9768380120937,1.43062324280949e-13,0.142857142857142
4,079,1,0,1,0,0.00477497628439127,0.282219709275265,3.59656275791068,0.0099089102898275,0.0089285714285714,0.126546409542753,1.33833593055697,0.5,0.0357142857142857,2.23016765386708,2.68733931129976,0.019817820579655,0.249999999999999
4,080,1,0,1,0,0.0744681640931672,0.213858750324131,1.21184029989532,0.139828602202077,0.145833333333333,0.0566058343306859,0.761444490628083,0.5,0.0104166666666666,3.77803371070883,1.59150182949741,0.279657204404155,14.0000000000001
4,082,1,0,1,0,0.00083540076094127,1.02521511644595,2.85536492263836,1.86058475770453e-14,0.34375,0.156578518149276,1.17355151572271,0.5,0.0625,6.54761028884279,2.43309721335918,3.72116951540906e-14,5.5
4,083,1,0,1,0,0.0275258353806294,0.334592362273049,1.67535222433148,0.00131118748592794,0.385416666666667,0.104105042931908,2.24993930639363,0.5,0.0520833333333334,3.21398803410413,0.744621074697725,0.00262237497185589,7.39999999999999
4,084,1,0,1,0,0.0153056856829093,0.326481311177666,4.97472501695945,0.0399494474212121,0.03125,0.124125298593361,2.41473565413926,0.5,0.0520833333333334,2.63025599839425,2.06015304757352,0.0798988948424242,0.6
4,086,1,0,1,0,0.00874417766245288,0.299504392057376,3.23102282941694,0.0131030517434051,0.0375,0.127542694266706,1.59103399684514,0.5,0.0375,2.34826772148218,2.03076919526781,0.0262061034868102,1
4,S0021,0,0,1,1,0.000108881062266107,0.276713480307058,4.99538689539273,5.34953870616238e-13,0.00694444444444442,0.0984069262858428,2.7595782370575,0.5,0.00694444444444442,2.81193093566694,1.81019940957327,1.06990774123248e-12,1
4,S0099,0,0,1,1,0.000140176902586378,0.0333333333333334,10.6666666666667,0.000916666666666667,0.6125,0.0519434158217843,1.10849151012088,0.5,0,0.641723937595838,9.6226868399772,0.00183333333333333,Inf
4,S0094,0,0,1,1,0.00354293448785641,0.291219284262546,5.17846216635274,0.0148987924605846,0.0083333333333333,0.104881379778574,2.38641598042001,0.5,0.0166666666666667,2.77665382432392,2.16997464349921,0.0297975849211691,0.499999999999997
4,S0093,0,0,1,1,0.00277659068581635,0.379131249040612,6.41912166357573,0.011567564983345,0.0277777777777778,0.0802950246635844,1.71699574900532,0.5,0,4.72172778611221,3.73857749344715,0.02313512996669,Inf
4,S0097,0,0,1,1,5.71957512118558e-06,0.291016934515955,5.29961904408122,2.96218402374487e-14,0.00347222222222221,0.0601169909440184,2.12178706218833,0.5,0.00694444444444442,4.84084332808596,2.49771484543572,5.92436804748974e-14,0.5
4,S0068,0,0,1,1,0.00163169066591213,0.218334914988898,3.13069658961993,1.27321966264229e-13,0.00347222222222221,0.0845002416952037,2.73783522265959,0.5,0.0173611111111112,2.58383775725094,1.14349343003145,2.54643932528457e-13,0.199999999999999
4,S0002,0,0,1,1,0.00649885736949964,0.215754725868418,4.01009464496699,8.78882203057071e-14,0.0138888888888888,0.0992969052338776,1.86807130433621,0.5,0,2.17282427242061,2.14664966784655,1.75776440611414e-13,Inf
4,S0085,0,0,1,1,0.00317985863404267,0.224900815100365,3.84265676897864,3.93386932465369e-15,0,0.117447085318542,1.71275812242977,0.5,0.0291666666666667,1.9149118472407,2.24354899775768,7.86773864930738e-15,0
4,S0070,0,0,1,1,0.000650437783687979,0.330772643380832,7.50957880135402,0.00591306553040219,0.00347222222222221,0.0670100485534826,1.91234679020913,0.5,0.00694444444444442,4.93616480693687,3.92689173313213,0.0118261310608044,0.5
4,S0112,0,0,1,1,0.000767475922435082,0.359246768880792,3.93535306134632,0.00499286209486276,0.0375,0.0773593405690061,2.19178212852506,0.5,0.0125,4.64387062038535,1.79550376386844,0.00998572418972552,3.00000000000001
4,S0108,0,0,1,1,0.000833625008166294,0.265217125650504,4.99441984311832,3.36915467407543e-14,0.0104166666666666,0.0822874790445134,1.61995562833211,0.5,0,3.22305566691423,3.08305965655401,6.73830934815086e-14,Inf
4,S0073,0,0,1,1,0.00348360538584238,0.283185576878461,3.52944695761056,0.00973995998541012,0.0104166666666666,0.0579559604201156,2.20544603915145,0.5,0.00347222222222221,4.88622006823257,1.60033249281788,0.0194799199708202,3
4,S0100,0,0,1,1,0.00168748807609791,0.404488380134031,8.89333458612894,0.0187498674897866,0.1375,0.0605489395333037,2.17561763612111,0.5,0.0833333333333334,6.68035449095769,4.08772866999956,0.0374997349795731,1.65
4,S0101,0,0,1,1,0.000552192691142771,0.288140894980962,3.84148598129895,1.30012463851341e-14,0,0.0676665435538908,1.09869982979629,0.5,0,4.25824757476318,3.49639262437239,2.60024927702683e-14,NaN
4,S0004,0,0,1,1,0.000663597798469599,0.329998027533725,5.57489760139188,0.00311878559366247,0.0347222222222222,0.114306432420656,1.26480837168584,0.5,0.0347222222222222,2.88695938229711,4.40770137689808,0.00623757118732494,1
4,063,1,0,1,1,0.00332133450423387,0.250784182135586,3.31003033919157,0.00911645367920706,0.0125,0.0819606588782002,1.41254603548892,0.5,0,3.05981168975557,2.34330793901941,0.0182329073584141,Inf
4,064,1,0,1,1,0.00023785411776236,0.258089859088759,4.89218189801733,1.6314106109296e-14,0,0.0853120207552454,1.95011561838833,0.5,0.00347222222222221,3.02524611190727,2.50866248743778,3.2628212218592e-14,0
4,066,1,0,1,1,0.000695279698145041,0.309140811864242,2.89466296271023,3.64058520600376e-14,0.0291666666666667,0.0404156867350837,1.1907785471402,0.5,0,7.64903028595293,2.43089948980196,7.28117041200751e-14,Inf
4,068,1,0,1,1,0.000604597033596456,0.247054917919321,4.05937974935991,0.000261494023590943,0,0.0550637162270118,3.27599396418392,0.5,0.0126050420168067,4.486709849019,1.23912919063364,0.000522988047181886,0
4,071,1,0,1,1,0.00015032238147541,0.404351434720353,6.94362691247358,0.00107372528671114,0.0125,0.0626243023255058,1.79054806869454,0.5,0.00416666666666665,6.45678146829697,3.87793382030568,0.00214745057342229,3
4,072,1,0,1,1,0.00121608258770417,0.360130869571659,6.6307389718911,0.00486430936618349,0.0277777777777778,0.0459262335560057,1.22871022887535,0.5,0.00694444444444442,7.84150673127788,5.3965034359324,0.00972861873236698,4.00000000000002
4,073,1,0,1,1,0.00104621597033982,0.35628622050149,5.34960770529863,0.00260456202387902,0.0625,0.0882893165459435,2.30889471331651,0.5,0.00416666666666665,4.03543978411122,2.31695610650622,0.00520912404775805,15.0000000000001
4,076,1,0,1,1,8.0617447295224e-08,0.279189771102866,3.71836842652373,4.8870958456506e-13,0.0543933054393305,0.0299987748742757,0.814174672429126,0.5,0.00418410041841,9.3067057662503,4.56704016035013,9.7741916913012e-13,13.0000000000001
4,078,1,0,1,1,0.000136543626569373,0.319130768813546,5.74940855533534,1.76760106202842e-15,0.00694444444444442,0.103161832879323,2.91834546752346,0.5,0.0104166666666666,3.09349649871829,1.97009182748139,3.53520212405684e-15,0.666666666666667
4,079,1,0,1,1,0.00209519594740059,0.299084261257757,5.10809052854734,0.00772766379253457,0.00595238095238093,0.0610457881470161,1.85960718944417,0.5,0.00595238095238093,4.89934310517009,2.74686533669196,0.0154553275850691,1
4,080,1,0,1,1,0.0294403655719925,0.231244894802485,2.34048294498364,0.0721444058855156,0.0729166666666666,0.0422497986741009,1.31691991145165,0.5,0.0138888888888888,5.47327802875989,1.77724015305055,0.144288811771031,5.25000000000002
4,082,1,0,1,1,0.000771379466899566,0.356120964389434,48.5103857361375,0.00208480936999883,0.128472222222222,0.0779050435130989,1.21846501569529,0.5,0.00347222222222221,4.57121834903482,39.812702959269,0.00416961873999766,37.0000000000001
4,083,1,0,1,1,0.0267616029360699,0.254379260940806,1.53399009546371,1.25260951031318e-12,0.211805555555556,0.0626923304979068,2.27687624189017,0.5,0.0208333333333334,4.05758182732255,0.673725724411904,2.50521902062636e-12,10.1666666666667
4,084,1,0,1,1,0.0037768793520003,0.326220080905071,6.38613792318588,0.010781606723559,0.00694444444444442,0.0647024321708091,1.47642451429903,0.5,0.00694444444444442,5.04185190510113,4.3254076732923,0.0215632134471179,1
4,086,1,0,1,1,0.000494095468600024,0.298038035238052,3.36753044222642,4.41098591034796e-13,0.0333333333333333,0.0695302857515331,1.72731060416287,0.5,0.00416666666666665,4.28644916408216,1.94958013579641,8.82197182069592e-13,8.00000000000003
